{
"type": "FeatureCollection",
"name": "friches",
"crs": { "type": "name", "properties": { "name": "urn:ogc:def:crs:OGC:1.3:CRS84" } },
"xy_coordinate_resolution": 1e-10,
"features": [
{ "type": "Feature", "properties": { "fid": 1, "FRICHE": "Point P et Docks de l’Oise", "COMMUNE": "Rethel", "site_id": "08362_04", "proprio_type": "P5a", "unite_fonciere_surface": 5750, "unite_fonciere_refcad": "08362000AL0212", "idprocpte": "08362+00197", "geompoint": "Point (4.367525 49.50463)", "proprio_personne": "personne morale", "surf_calc": 5726, "proprio_nom": "COMMUNE DE RETHEL" }, "geometry": { "type": "MultiPolygon", "coordinates": [ [ [ [ 4.367785171, 49.5052462788 ], [ 4.3678140097, 49.505219888 ], [ 4.3678587402, 49.5051788425 ], [ 4.3680944184, 49.5049581191 ], [ 4.3680950502, 49.5049507394 ], [ 4.3679254677, 49.5047088792 ], [ 4.3678895072, 49.5046593113 ], [ 4.3678165613, 49.5045583803 ], [ 4.3677940571, 49.5045268142 ], [ 4.3677087816, 49.5044084942 ], [ 4.3676752811, 49.5043788535 ], [ 4.3676363439, 49.5043418961 ], [ 4.3675869635, 49.5042965244 ], [ 4.367514607, 49.5042538334 ], [ 4.3674889449, 49.5042386605 ], [ 4.3673090997, 49.5041348036 ], [ 4.3671143801, 49.5040218541 ], [ 4.3670514411, 49.5040685842 ], [ 4.3669854041, 49.5041184072 ], [ 4.3669430546, 49.5041502571 ], [ 4.3668346534, 49.5042313907 ], [ 4.3667844568, 49.5042696175 ], [ 4.3669854904, 49.5044381383 ], [ 4.3671111297, 49.5045487173 ], [ 4.3671575375, 49.5046015869 ], [ 4.3672392718, 49.5047010709 ], [ 4.3672812827, 49.5047548907 ], [ 4.3673030807, 49.5047910491 ], [ 4.3673145985, 49.5048193199 ], [ 4.3673726217, 49.5050183982 ], [ 4.3673814047, 49.5050581173 ], [ 4.3674093085, 49.5050691283 ], [ 4.367429013, 49.5050782525 ], [ 4.367785171, 49.5052462788 ] ] ] ] } },
{ "type": "Feature", "properties": { "fid": 2, "FRICHE": "Usine Barrois", "COMMUNE": "Roizy", "site_id": "08368_01", "proprio_type": "G1a X1a", "unite_fonciere_surface": 943, "unite_fonciere_refcad": "08368000AB0287|08368000AB0344|08368000AB0346", "idprocpte": "08368+00020", "geompoint": "Point (4.172262 49.423851)", "proprio_personne": "personne morale|personne physique", "surf_calc": 937, "proprio_nom": "_X_|SCI" }, "geometry": { "type": "MultiPolygon", "coordinates": [ [ [ [ 4.1723141, 49.423696 ], [ 4.1719488, 49.4238245 ], [ 4.1722023, 49.4240287 ], [ 4.1722068, 49.4240268 ], [ 4.1724398, 49.4239313 ], [ 4.1725315, 49.4239121 ], [ 4.1725698, 49.4239042 ], [ 4.1725552, 49.4238769 ], [ 4.1725097, 49.4237902 ], [ 4.1724749, 49.4237244 ], [ 4.1723796, 49.4237419 ], [ 4.1723487, 49.4236852 ], [ 4.1723141, 49.423696 ] ] ] ] } },
{ "type": "Feature", "properties": { "fid": 3, "FRICHE": "Ferme Paroche", "COMMUNE": "Rethel", "site_id": "08362_05", "proprio_type": "F7d|P5a|G1a", "unite_fonciere_surface": 5501, "unite_fonciere_refcad": "08362000AB0281|08362000AB0282|08362000AB0301|08362000AB0302|08362000AB0303|08362000AB0304|08362000AB0306|08362000AB0308|08362000AB0309", "idprocpte": "08362+00656|08362+00197|08362+01085", "geompoint": "Point (4.360744 49.513231)", "proprio_personne": "personne morale", "surf_calc": 5465, "proprio_nom": "COMMUNE DE RETHEL|CRCAM DU NORD EST|SCI" }, "geometry": { "type": "MultiPolygon", "coordinates": [ [ [ [ 4.3613061445, 49.5134047604 ], [ 4.3612794251, 49.5133550819 ], [ 4.3612506171, 49.5133150482 ], [ 4.3607832856, 49.5130165666 ], [ 4.3600728128, 49.5125648616 ], [ 4.3599697788, 49.5125838147 ], [ 4.3599995671, 49.5126506256 ], [ 4.3600351192, 49.5127314857 ], [ 4.360161934, 49.5128706416 ], [ 4.3602873275, 49.5130080227 ], [ 4.3603600371, 49.5132046832 ], [ 4.3603392999, 49.5132192077 ], [ 4.3603617617, 49.5132385545 ], [ 4.3603723694, 49.513232503 ], [ 4.3604712174, 49.5133473471 ], [ 4.360470686, 49.5133638885 ], [ 4.3605583439, 49.5134524315 ], [ 4.36057495, 49.513469595 ], [ 4.3607242125, 49.5136218033 ], [ 4.3607406093, 49.5136310573 ], [ 4.3607094642, 49.5136591816 ], [ 4.3607727579, 49.5136877778 ], [ 4.3607453572, 49.5137115455 ], [ 4.3607181603, 49.5137373765 ], [ 4.3607464735, 49.5137587232 ], [ 4.360702583, 49.5137853725 ], [ 4.3609986413, 49.51390825 ], [ 4.3610840745, 49.5138188433 ], [ 4.3611803586, 49.5137219422 ], [ 4.3612146516, 49.5136875803 ], [ 4.3612318405, 49.5136694982 ], [ 4.3612576482, 49.5136431433 ], [ 4.3613483725, 49.5135502631 ], [ 4.3614330502, 49.5134636474 ], [ 4.3613078929, 49.5134135478 ], [ 4.3613136516, 49.5134067417 ], [ 4.3613061445, 49.5134047604 ] ] ] ] } },
{ "type": "Feature", "properties": { "fid": 5, "FRICHE": "Friche Cayenne, filature Lainé puis usine Mécanéral", "COMMUNE": "Rethel", "site_id": "08362_06", "proprio_type": "P5a", "unite_fonciere_surface": 1084, "unite_fonciere_refcad": "08362000AC0426", "idprocpte": "08362+00197", "geompoint": "Point (4.361576 49.514171)", "proprio_personne": "personne morale", "surf_calc": 1088, "proprio_nom": "COMMUNE DE RETHEL" }, "geometry": { "type": "MultiPolygon", "coordinates": [ [ [ [ 4.3616823097, 49.5142901391 ], [ 4.3616458509, 49.5142740076 ], [ 4.3616218175, 49.5142632215 ], [ 4.3616305558, 49.5142541384 ], [ 4.3617946442, 49.5140852858 ], [ 4.3618354988, 49.5140434776 ], [ 4.3617620106, 49.5139843525 ], [ 4.3616794186, 49.5139255022 ], [ 4.3616427058, 49.5139623182 ], [ 4.3615989947, 49.514006046 ], [ 4.3612588067, 49.5143594339 ], [ 4.3612237423, 49.5143959616 ], [ 4.3613672332, 49.5144554715 ], [ 4.3614604862, 49.5144370748 ], [ 4.3615261583, 49.5144303186 ], [ 4.3615509646, 49.5144286918 ], [ 4.3616823097, 49.5142901391 ] ] ] ] } },
{ "type": "Feature", "properties": { "fid": 6, "FRICHE": "Fonderie Adin", "COMMUNE": "Poilcourt-Sydney", "site_id": "08340_01", "proprio_type": "P5a", "unite_fonciere_surface": 11059, "unite_fonciere_refcad": "08340000AC0207", "idprocpte": "08340+00023", "geompoint": "Point (4.094411 49.423042)", "proprio_personne": "personne morale", "surf_calc": 3585, "proprio_nom": "COMMUNE DE POILCOURT SIDNEY" }, "geometry": { "type": "MultiPolygon", "coordinates": [ [ [ [ 4.0938874933, 49.4232819458 ], [ 4.0945586, 49.4232874 ], [ 4.0946465, 49.4232889 ], [ 4.094886, 49.4228056 ], [ 4.0947973, 49.4227964 ], [ 4.0946918, 49.4227861 ], [ 4.0942948, 49.4227195 ], [ 4.0940379071, 49.4226861451 ], [ 4.0938874933, 49.4232819458 ] ] ] ] } },
{ "type": "Feature", "properties": { "fid": 7, "FRICHE": "Friche ferroviaire Amagne-Lucquy", "COMMUNE": "Amagne et Lucquy", "site_id": "08008_01", "proprio_type": "R2a|P4a", "unite_fonciere_surface": 152533, "unite_fonciere_refcad": "08008000ZK0111|08008000ZK0116|08262000AD0120|08262000AD0336|08262000AD0337", "idprocpte": "08008+00068|08262+00046|08262+00045", "geompoint": "Point (4.483852 49.524312)", "proprio_personne": "personne morale", "surf_calc": 97540, "proprio_nom": "COMMUNAUTE COMMUNE CRETES PREARDENNAISES|SOCIETE NATIONALE SNCF" }, "geometry": { "type": "MultiPolygon", "coordinates": [ [ [ [ 4.4822138779, 49.5235921185 ], [ 4.4818229188, 49.5229565334 ], [ 4.4817490168, 49.5228217569 ], [ 4.4815307023, 49.5229304234 ], [ 4.481103562, 49.5231380995 ], [ 4.4807855164, 49.5232893223 ], [ 4.4801854537, 49.5235425658 ], [ 4.4798600071, 49.5236631366 ], [ 4.4794954321, 49.5237820638 ], [ 4.4792596724, 49.5238506591 ], [ 4.4789752016, 49.5239240879 ], [ 4.4786044591, 49.5239985678 ], [ 4.4784488961, 49.524024844 ], [ 4.4780644902, 49.524077229 ], [ 4.477734757, 49.5241056267 ], [ 4.4773006338, 49.5241278752 ], [ 4.4770809477, 49.5241326708 ], [ 4.4768662667, 49.5241416451 ], [ 4.47797345, 49.5242521772 ], [ 4.4828868026, 49.5247836806 ], [ 4.4828785289, 49.5247665237 ], [ 4.4829102851, 49.5247700222 ], [ 4.483088853, 49.5247883651 ], [ 4.4837608691, 49.5248559354 ], [ 4.4845383224, 49.5249375814 ], [ 4.4857405939, 49.5250691389 ], [ 4.4871587205, 49.5252319579 ], [ 4.4879960738, 49.5253573672 ], [ 4.4889519216, 49.5255258358 ], [ 4.4895745375, 49.5256581101 ], [ 4.4898270001, 49.525716489 ], [ 4.4901059382, 49.5257893819 ], [ 4.4902986928, 49.5256417945 ], [ 4.4901369566, 49.5255674621 ], [ 4.489565048, 49.5252745087 ], [ 4.4891826129, 49.5250014863 ], [ 4.4888921964, 49.524757013 ], [ 4.4887745248, 49.5246636777 ], [ 4.488865269, 49.5242771657 ], [ 4.488417699, 49.5242285994 ], [ 4.4880372664, 49.5241929876 ], [ 4.4879197001, 49.52418171 ], [ 4.486438547, 49.5240345124 ], [ 4.4861526798, 49.5240030358 ], [ 4.484501364, 49.5238271597 ], [ 4.4840667933, 49.5237773583 ], [ 4.4838348892, 49.5237536958 ], [ 4.4835508671, 49.5237296105 ], [ 4.4822138779, 49.5235921185 ] ] ] ] } },
{ "type": "Feature", "properties": { "fid": 9, "FRICHE": "Entreprise Gervais", "COMMUNE": "Rethel", "site_id": "08362_02", "proprio_type": "P5a", "unite_fonciere_surface": 10087, "unite_fonciere_refcad": "08362000AL0337", "idprocpte": "08362+00197", "geompoint": "Point (4.368855 49.503202)", "proprio_personne": "personne morale", "surf_calc": 10127, "proprio_nom": "COMMUNE DE RETHEL" }, "geometry": { "type": "MultiPolygon", "coordinates": [ [ [ [ 4.3675046797, 49.5027648741 ], [ 4.3676236598, 49.5028272639 ], [ 4.36781384, 49.5029306424 ], [ 4.3679347929, 49.5029946275 ], [ 4.3679804351, 49.5030187434 ], [ 4.3680302973, 49.5030305852 ], [ 4.3681902801, 49.5031088694 ], [ 4.3683029414, 49.5031466072 ], [ 4.368695642, 49.5032928236 ], [ 4.369017371, 49.5034118871 ], [ 4.3692327323, 49.5034913458 ], [ 4.3696943944, 49.503734128 ], [ 4.3699194692, 49.5037687066 ], [ 4.3698943228, 49.5038403648 ], [ 4.3702865871, 49.5040475245 ], [ 4.3706510281, 49.5036457456 ], [ 4.3703686346, 49.503531813 ], [ 4.3702192309, 49.5035293651 ], [ 4.3700934659, 49.5035077789 ], [ 4.3698598775, 49.5034125312 ], [ 4.3697580184, 49.5033712535 ], [ 4.3695125202, 49.5032796454 ], [ 4.3694296229, 49.5032503797 ], [ 4.3693644496, 49.5032441963 ], [ 4.369128168, 49.5031515826 ], [ 4.3689642683, 49.5030556379 ], [ 4.3687025652, 49.5028631742 ], [ 4.3686836279, 49.5028467607 ], [ 4.3684346379, 49.5025873684 ], [ 4.3684235311, 49.5025536997 ], [ 4.3683146403, 49.5025125918 ], [ 4.3682083513, 49.5024292039 ], [ 4.368098254, 49.5023735477 ], [ 4.3680304833, 49.5024203384 ], [ 4.3679464547, 49.5024782715 ], [ 4.3678967101, 49.5025125405 ], [ 4.3677522042, 49.5026109795 ], [ 4.3676441481, 49.5026790747 ], [ 4.3675986472, 49.5027066459 ], [ 4.3675838699, 49.50271679 ], [ 4.3675046797, 49.5027648741 ] ] ] ] } },
{ "type": "Feature", "properties": { "fid": 10, "FRICHE": "Filature Pâté (le Piqûrage)", "COMMUNE": "Neuflize", "site_id": "08314_01", "proprio_type": "P5a", "unite_fonciere_surface": 1508, "unite_fonciere_refcad": "08314000AE0209|08314000AE0210|08314000AE0239", "idprocpte": "08314+00003", "geompoint": "Point (4.307866 49.409827)", "proprio_personne": "personne morale", "surf_calc": 1503, "proprio_nom": "COMMUNE DE NEUFLIZE" }, "geometry": { "type": "MultiPolygon", "coordinates": [ [ [ [ 4.3078493, 49.4100238 ], [ 4.30782, 49.4099926 ], [ 4.3080933, 49.4098813 ], [ 4.3081521, 49.409858 ], [ 4.3082096, 49.4098354 ], [ 4.3082705, 49.4098113 ], [ 4.3080431, 49.4095754 ], [ 4.3076394, 49.4097424 ], [ 4.3074736, 49.4098109 ], [ 4.3076218, 49.4099728 ], [ 4.3076717, 49.4099531 ], [ 4.3077753, 49.4100666 ], [ 4.3077847, 49.4100618 ], [ 4.3078493, 49.4100238 ] ] ] ] } },
{ "type": "Feature", "properties": { "fid": 11, "FRICHE": "Filature puis quincaillerie Brice-Lejay", "COMMUNE": "Lalobbe", "site_id": "08243_01", "proprio_type": "G1a", "unite_fonciere_surface": 89061, "unite_fonciere_refcad": "082430000B0512|082430000B0595|082430000B0597|082430000B0598|082430000B0599|082430000B0601|082430000B0602|082430000B0603|082430000B0604|082430000B0605|082430000B0606|082430000B0607|082430000B0608|082430000B0610|082430000B0611|082430000B0613|082430000B0614|082430000B0666", "idprocpte": "08243+00032", "geompoint": "Point (4.375506 49.660893)", "proprio_personne": "personne morale", "surf_calc": 88345, "proprio_nom": "SCI" }, "geometry": { "type": "MultiPolygon", "coordinates": [ [ [ [ 4.373638, 49.6577219 ], [ 4.3734669, 49.6577568 ], [ 4.3735744, 49.6579524 ], [ 4.3737344, 49.657917 ], [ 4.373638, 49.6577219 ] ] ], [ [ [ 4.3736963, 49.658169 ], [ 4.3737746, 49.6583325 ], [ 4.3738057, 49.6585284 ], [ 4.3740411, 49.6584672 ], [ 4.3738299, 49.6581329 ], [ 4.3736963, 49.658169 ] ] ], [ [ [ 4.3727308, 49.6591454 ], [ 4.3726654, 49.659114 ], [ 4.372599, 49.6590446 ], [ 4.3725631, 49.6589941 ], [ 4.372533, 49.6588705 ], [ 4.3725271, 49.6587832 ], [ 4.3725519, 49.65872 ], [ 4.3726139, 49.6586533 ], [ 4.3727973, 49.6585449 ], [ 4.373419, 49.6582844 ], [ 4.3733701, 49.6582221 ], [ 4.373075, 49.6582951 ], [ 4.3728163, 49.6584199 ], [ 4.3727116, 49.6584859 ], [ 4.3726631, 49.6585216 ], [ 4.3725373, 49.6585896 ], [ 4.3724697, 49.6586397 ], [ 4.3723993, 49.6586749 ], [ 4.372125, 49.6587144 ], [ 4.3720487, 49.6587019 ], [ 4.3719174, 49.6585222 ], [ 4.3717931, 49.6585776 ], [ 4.3716812, 49.6586387 ], [ 4.3716217, 49.6586901 ], [ 4.3715852, 49.6587376 ], [ 4.3715652, 49.6588042 ], [ 4.371567, 49.6589071 ], [ 4.3715807, 49.6589846 ], [ 4.371641, 49.6591248 ], [ 4.3717806, 49.6594019 ], [ 4.3718256, 49.6594476 ], [ 4.3719348, 49.6595148 ], [ 4.3719684, 49.6595356 ], [ 4.3723434, 49.6596867 ], [ 4.3726288, 49.6597847 ], [ 4.3727881, 49.6598394 ], [ 4.3731114, 49.6599581 ], [ 4.3734073, 49.6600832 ], [ 4.3737571, 49.6602596 ], [ 4.3739251, 49.6603429 ], [ 4.3740122, 49.6604062 ], [ 4.3741022, 49.6605034 ], [ 4.3741723, 49.6606191 ], [ 4.3741991, 49.6606915 ], [ 4.3742434, 49.6608354 ], [ 4.3742348, 49.6609788 ], [ 4.3741925, 49.6611855 ], [ 4.3741299, 49.6615364 ], [ 4.3740714, 49.6619854 ], [ 4.3740472, 49.6621621 ], [ 4.3740049, 49.6624729 ], [ 4.373956, 49.6628603 ], [ 4.3738811, 49.6635352 ], [ 4.3740563, 49.6635128 ], [ 4.3741581, 49.6634914 ], [ 4.3743383, 49.6634347 ], [ 4.3747041, 49.6633062 ], [ 4.3749321, 49.663206 ], [ 4.3750219, 49.663166 ], [ 4.375071, 49.6631535 ], [ 4.3752062, 49.6631335 ], [ 4.3752011, 49.6631535 ], [ 4.3751893, 49.6631979 ], [ 4.3753577, 49.6631743 ], [ 4.375365, 49.6631522 ], [ 4.375714, 49.6630578 ], [ 4.3758399, 49.6630196 ], [ 4.3760744, 49.6629486 ], [ 4.3761242, 49.6629335 ], [ 4.376138, 49.66293 ], [ 4.376194, 49.6629162 ], [ 4.3762105, 49.6628973 ], [ 4.3761917, 49.6627608 ], [ 4.3761969, 49.6626126 ], [ 4.3763523, 49.6622497 ], [ 4.376372, 49.6619923 ], [ 4.3771673, 49.662009 ], [ 4.3771425, 49.6617874 ], [ 4.3770788, 49.6616077 ], [ 4.3769083, 49.6611992 ], [ 4.3768111, 49.6609663 ], [ 4.376482, 49.6601924 ], [ 4.3761329, 49.6602265 ], [ 4.3760934, 49.6601419 ], [ 4.3760408, 49.6600266 ], [ 4.3758803, 49.6598028 ], [ 4.375762, 49.6596818 ], [ 4.3756308, 49.6595731 ], [ 4.3754989, 49.6596052 ], [ 4.3746752, 49.6595935 ], [ 4.3746015, 49.6596152 ], [ 4.3745234, 49.6596382 ], [ 4.3744798, 49.6596512 ], [ 4.3743454, 49.659691 ], [ 4.3743277, 49.6596676 ], [ 4.3741939, 49.6597054 ], [ 4.3741726, 49.6597113 ], [ 4.3736728, 49.659329 ], [ 4.3734586, 49.6592174 ], [ 4.3734203, 49.6592059 ], [ 4.3733073, 49.659199 ], [ 4.3728806, 49.6591712 ], [ 4.3727979, 49.6591603 ], [ 4.3727308, 49.6591454 ] ] ] ] } },
{ "type": "Feature", "properties": { "fid": 13, "FRICHE": "Scierie Foulon", "COMMUNE": "Novion-Porcien", "site_id": "08329_01", "proprio_type": "X1a", "unite_fonciere_surface": 4387, "unite_fonciere_refcad": "08329000AI0108", "idprocpte": "08329B00065", "geompoint": "Point (4.424022 49.58955)", "proprio_personne": "personne physique", "surf_calc": 4433, "proprio_nom": "_X_" }, "geometry": { "type": "MultiPolygon", "coordinates": [ [ [ [ 4.4235865889, 49.5892337601 ], [ 4.4233211137, 49.5893490508 ], [ 4.4233248946, 49.5893805175 ], [ 4.4233346473, 49.5894175862 ], [ 4.4233568762, 49.5894500971 ], [ 4.4233895208, 49.5894736628 ], [ 4.4240374853, 49.5899418829 ], [ 4.4246730067, 49.5896470494 ], [ 4.4246608776, 49.5896261141 ], [ 4.4244176776, 49.5894590876 ], [ 4.4243693519, 49.5894294038 ], [ 4.4240997779, 49.5892869843 ], [ 4.4238771243, 49.5891585091 ], [ 4.4237859951, 49.5892282715 ], [ 4.4236835479, 49.5891696015 ], [ 4.4235865889, 49.5892337601 ] ] ] ] } },
{ "type": "Feature", "properties": { "fid": 15, "FRICHE": "Fonderie Gustin", "COMMUNE": "Deville", "site_id": "08139_02", "proprio_type": "X1a", "unite_fonciere_surface": 7947, "unite_fonciere_refcad": "08139000AE0052|08139000AE0075", "idprocpte": "08139P00110", "geompoint": "Point (4.697899 49.872768)", "proprio_personne": "personne physique", "surf_calc": 7970, "proprio_nom": "_X_" }, "geometry": { "type": "MultiPolygon", "coordinates": [ [ [ [ 4.6989866, 49.8733419 ], [ 4.6990302, 49.8733343 ], [ 4.6990812, 49.8733168 ], [ 4.6991166, 49.8732955 ], [ 4.6991405, 49.8732687 ], [ 4.6991554, 49.8732457 ], [ 4.6991625, 49.8732133 ], [ 4.6991571, 49.8731842 ], [ 4.6991453, 49.8731562 ], [ 4.6991158, 49.8731253 ], [ 4.699077, 49.8730943 ], [ 4.698881, 49.8729788 ], [ 4.6986383, 49.8728402 ], [ 4.6985825, 49.8728113 ], [ 4.6984055, 49.8727089 ], [ 4.6982208, 49.8725978 ], [ 4.6980668, 49.8724982 ], [ 4.6980359, 49.8724799 ], [ 4.697902, 49.8723647 ], [ 4.6976684, 49.8722572 ], [ 4.6974327, 49.8722262 ], [ 4.69707, 49.8725418 ], [ 4.6971378, 49.8725824 ], [ 4.6971309, 49.8725882 ], [ 4.6971915, 49.8726239 ], [ 4.6971688, 49.8726438 ], [ 4.6974268, 49.8728979 ], [ 4.6982293, 49.8731337 ], [ 4.698935, 49.8733429 ], [ 4.6989866, 49.8733419 ] ] ] ] } },
{ "type": "Feature", "properties": { "fid": 16, "FRICHE": "Fonderie Lacroix", "COMMUNE": "Deville", "site_id": "08139_03", "proprio_type": "P5a", "unite_fonciere_surface": 5178, "unite_fonciere_refcad": "08139000AB0112|08139000AB0113|08139000AB0114|08139000AB0115|08139000AB0116|08139000AB0117|08139000AB0118|08139000AB0484|08139000AB0486", "idprocpte": "08139+00076|08139+00004", "geompoint": "Point (4.704687 49.882971)", "proprio_personne": "personne morale", "surf_calc": 5248, "proprio_nom": "COMMUNE DE DEVILLE" }, "geometry": { "type": "MultiPolygon", "coordinates": [ [ [ [ 4.7046229, 49.8834354 ], [ 4.7048345, 49.8832088 ], [ 4.7049884, 49.8830412 ], [ 4.7050371, 49.882982 ], [ 4.7052446, 49.8827678 ], [ 4.7053494, 49.8826605 ], [ 4.7052978, 49.882648 ], [ 4.7052067, 49.882626 ], [ 4.7051973, 49.8826237 ], [ 4.7051753, 49.8826172 ], [ 4.7051902, 49.8825977 ], [ 4.7051984, 49.8825891 ], [ 4.7051823, 49.8825826 ], [ 4.7051198, 49.8825553 ], [ 4.705077, 49.8825366 ], [ 4.7050432, 49.8825216 ], [ 4.7050312, 49.8825144 ], [ 4.7049831, 49.882485 ], [ 4.7049038, 49.8824365 ], [ 4.7048658, 49.8824128 ], [ 4.704848, 49.8824028 ], [ 4.7047171, 49.8824963 ], [ 4.7046465, 49.8825493 ], [ 4.7045912, 49.8825874 ], [ 4.7045172, 49.8826603 ], [ 4.7045043, 49.8826755 ], [ 4.7043931, 49.8828551 ], [ 4.70433, 49.8829596 ], [ 4.7042297, 49.8831628 ], [ 4.7041564, 49.8833158 ], [ 4.7041056, 49.8834323 ], [ 4.7041424, 49.8834393 ], [ 4.7042213, 49.8834541 ], [ 4.7042457, 49.8834587 ], [ 4.7045515, 49.8835186 ], [ 4.7046229, 49.8834354 ] ] ] ] } },
{ "type": "Feature", "properties": { "fid": 19, "FRICHE": "Usine Faure et Cie", "COMMUNE": "Fligny et Signy-le-Petit", "site_id": "08172_01", "proprio_type": "X1a", "unite_fonciere_surface": 21732, "unite_fonciere_refcad": "081720000A0400|081720000A0401|081720000A0402|081720000A0413|081720000A0414|081720000A0432|08420000ZM0086", "idprocpte": "08172R00029|08172B00009|08420B00021", "geompoint": "Point (4.282239 49.892236)", "proprio_personne": "personne physique", "surf_calc": 21440, "proprio_nom": "_X_" }, "geometry": { "type": "MultiPolygon", "coordinates": [ [ [ [ 4.2815604, 49.8927284 ], [ 4.2818532, 49.8928244 ], [ 4.2820296, 49.8928822 ], [ 4.2820399, 49.892877 ], [ 4.2821257, 49.892833 ], [ 4.2821947, 49.8927963 ], [ 4.2824547, 49.8926554 ], [ 4.282522, 49.8926166 ], [ 4.2825836, 49.8925826 ], [ 4.2826328, 49.8925546 ], [ 4.2827806, 49.8924736 ], [ 4.2835029, 49.8920204 ], [ 4.2834954, 49.8920138 ], [ 4.2841157, 49.8916459 ], [ 4.283338, 49.8911897 ], [ 4.2831636, 49.8913568 ], [ 4.2830005, 49.8913918 ], [ 4.2829693, 49.8913659 ], [ 4.2828744, 49.891416 ], [ 4.2823932, 49.8916701 ], [ 4.2808802, 49.8924687 ], [ 4.2808067, 49.8924674 ], [ 4.2807399, 49.8924537 ], [ 4.2809507, 49.8925339 ], [ 4.2814809, 49.8927025 ], [ 4.2815604, 49.8927284 ] ] ], [ [ [ 4.28355, 49.8920615 ], [ 4.2828887, 49.89243 ], [ 4.2822209, 49.8928021 ], [ 4.2820441, 49.8929005 ], [ 4.282204, 49.8929477 ], [ 4.2822768, 49.8929693 ], [ 4.28239, 49.8930026 ], [ 4.2824346, 49.8929775 ], [ 4.2825008, 49.8929402 ], [ 4.2825037, 49.8929386 ], [ 4.2826271, 49.892869 ], [ 4.282893, 49.8927203 ], [ 4.2837593, 49.8922444 ], [ 4.2835621, 49.892072 ], [ 4.28355, 49.8920615 ] ] ] ] } },
{ "type": "Feature", "properties": { "fid": 21, "FRICHE": "Émaillerie Ardennaise", "COMMUNE": "Fumay", "site_id": "08185_01", "proprio_type": "M1a", "unite_fonciere_surface": 3267, "unite_fonciere_refcad": "08185000AL0170|08185000AL0171", "idprocpte": "08185+00034", "geompoint": "Point (4.689952 49.983207)", "proprio_personne": "personne morale", "surf_calc": 3282, "proprio_nom": "_X_" }, "geometry": { "type": "MultiPolygon", "coordinates": [ [ [ [ 4.6903635, 49.9828861 ], [ 4.690348, 49.9828899 ], [ 4.6902041, 49.9829231 ], [ 4.6898483, 49.9830035 ], [ 4.6898083, 49.9830124 ], [ 4.6897892, 49.9830168 ], [ 4.6897396, 49.9830282 ], [ 4.6893286, 49.983123 ], [ 4.6893544, 49.983169 ], [ 4.6894532, 49.9833573 ], [ 4.6895131, 49.9834706 ], [ 4.689522, 49.9834738 ], [ 4.6897441, 49.9834242 ], [ 4.6905482, 49.9832451 ], [ 4.6904217, 49.9829959 ], [ 4.6903904, 49.9829356 ], [ 4.6903635, 49.9828861 ] ] ] ] } },
{ "type": "Feature", "properties": { "fid": 22, "FRICHE": "Stade Nexans", "COMMUNE": "Fumay", "site_id": "08185_02", "proprio_type": "M1a", "unite_fonciere_surface": 17349, "unite_fonciere_refcad": "08185000AN0012|08185000AN0013", "idprocpte": "08185+00207", "geompoint": "Point (4.688635 49.988316)", "proprio_personne": "personne morale", "surf_calc": 17401, "proprio_nom": "_X_" }, "geometry": { "type": "MultiPolygon", "coordinates": [ [ [ [ 4.6879393033, 49.9877029225 ], [ 4.687716775, 49.9877324951 ], [ 4.6876052471, 49.9877477781 ], [ 4.6878015855, 49.9884203309 ], [ 4.6879712494, 49.9890109531 ], [ 4.6881179476, 49.9889929371 ], [ 4.6888179744, 49.9889027878 ], [ 4.6896420256, 49.9888000504 ], [ 4.6894690776, 49.9882118095 ], [ 4.6893103976, 49.9876754818 ], [ 4.6892737763, 49.9875545215 ], [ 4.688452834, 49.9876326869 ], [ 4.6884272184, 49.9876375304 ], [ 4.6881490293, 49.9876738009 ], [ 4.6881127101, 49.9876796005 ], [ 4.6879689847, 49.9876986537 ], [ 4.6879393033, 49.9877029225 ] ] ] ] } },
{ "type": "Feature", "properties": { "fid": 23, "FRICHE": "Cellatex et Est Réfractaire", "COMMUNE": "Givet", "site_id": "08190_01", "proprio_type": "P4a", "unite_fonciere_surface": 70393, "unite_fonciere_refcad": "08190000BI0225|08190000BI0229|08190000BI0241|08190000BI0243|08190000BI0247|08190000BI0248|08190000BI0260|08190000BI0261|08190000BI0262|08190000BI0263|08190000BI0264|08190000BI0265|08190000BI0266|08190000BI0267|08190000BI0268|08190000BI0269|08190000BI0270|08190000BI0271", "idprocpte": "08190+00635", "geompoint": "Point (4.822988 50.154464)", "proprio_personne": "personne morale", "surf_calc": 70922, "proprio_nom": "COMMUNAUTE COMMUNES ARDENNE RIVES MEUSE" }, "geometry": { "type": "MultiPolygon", "coordinates": [ [ [ [ 4.8244381079, 50.1534221538 ], [ 4.8244450979, 50.1533909681 ], [ 4.824447841, 50.1532300474 ], [ 4.8244579364, 50.1529239452 ], [ 4.8244628114, 50.1527213148 ], [ 4.8244659561, 50.1526492251 ], [ 4.8244665971, 50.1524454879 ], [ 4.8239712765, 50.1525312606 ], [ 4.8236345466, 50.1525912328 ], [ 4.8234238022, 50.1526284066 ], [ 4.8233893435, 50.1526344854 ], [ 4.8228939368, 50.152721694 ], [ 4.8220358726, 50.1528711391 ], [ 4.8214863042, 50.152937495 ], [ 4.8214029356, 50.1529441204 ], [ 4.8209161394, 50.1529792697 ], [ 4.8213634199, 50.1531284919 ], [ 4.8216872797, 50.1532355253 ], [ 4.8217025141, 50.1535352312 ], [ 4.8217155343, 50.1538938028 ], [ 4.8217515642, 50.1546751222 ], [ 4.8217686516, 50.1550651674 ], [ 4.821770185, 50.1550924484 ], [ 4.821796215, 50.1556924634 ], [ 4.8217924833, 50.1556976388 ], [ 4.821792742, 50.155712548 ], [ 4.8217930952, 50.1558237462 ], [ 4.8217897507, 50.1560926502 ], [ 4.8217884024, 50.1562302826 ], [ 4.8236780714, 50.1562400717 ], [ 4.8236708508, 50.1562102666 ], [ 4.8236441335, 50.1561204737 ], [ 4.8236137688, 50.1560108904 ], [ 4.8238312133, 50.1560080189 ], [ 4.824043519, 50.1560059456 ], [ 4.8240555132, 50.1559002231 ], [ 4.8240647891, 50.1558005558 ], [ 4.8240803049, 50.1556138454 ], [ 4.8241052324, 50.1553660066 ], [ 4.8241494243, 50.1548843287 ], [ 4.8241816674, 50.1547156028 ], [ 4.8242108523, 50.154567047 ], [ 4.8242567705, 50.1543237415 ], [ 4.8242809888, 50.1542001378 ], [ 4.8243153633, 50.1540209619 ], [ 4.8243722586, 50.1537290782 ], [ 4.8244109563, 50.1535418453 ], [ 4.8244381079, 50.1534221538 ] ] ] ] } },
{ "type": "Feature", "properties": { "fid": 24, "FRICHE": "Gascogne-Laminates", "COMMUNE": "Givet", "site_id": "08190_02", "proprio_type": "Z1a", "unite_fonciere_surface": 16644, "unite_fonciere_refcad": "08190000AP0104|08190000AP0112|08190000AP0113|08190000AP0114|08190000AP0115|08190000AP0122|08190000AP0123|08190000AP0124|08190000AP0125|08190000AP0699|08190000AP0704", "idprocpte": "08190+00206", "geompoint": "Point (4.834535 50.135322)", "proprio_personne": "personne morale", "surf_calc": 16700, "proprio_nom": "_X_" }, "geometry": { "type": "MultiPolygon", "coordinates": [ [ [ [ 4.8350644, 50.1356049 ], [ 4.8351042, 50.1355725 ], [ 4.8351179, 50.1355786 ], [ 4.8353775, 50.1354061 ], [ 4.8354317, 50.1353548 ], [ 4.8355719, 50.1352177 ], [ 4.8355631, 50.1352119 ], [ 4.8354888, 50.1351627 ], [ 4.8350722, 50.1348942 ], [ 4.8350436, 50.1348751 ], [ 4.834956, 50.1347946 ], [ 4.8348537, 50.1347017 ], [ 4.8347864, 50.13463 ], [ 4.8347147, 50.134641 ], [ 4.8345378, 50.1346633 ], [ 4.8344554, 50.1346292 ], [ 4.8342369, 50.1345609 ], [ 4.8341424, 50.1345622 ], [ 4.8340801, 50.1345711 ], [ 4.8340584, 50.1345601 ], [ 4.8339782, 50.134576 ], [ 4.8339609, 50.134563 ], [ 4.8338682, 50.1345693 ], [ 4.8337854, 50.1345782 ], [ 4.8338824, 50.1346527 ], [ 4.8339127, 50.134676 ], [ 4.833934, 50.1346925 ], [ 4.8339787, 50.1347269 ], [ 4.8340033, 50.1347133 ], [ 4.8340372, 50.1346944 ], [ 4.8340712, 50.1347182 ], [ 4.8340367, 50.1347375 ], [ 4.8340118, 50.1347515 ], [ 4.8340681, 50.1347955 ], [ 4.8340449, 50.1348132 ], [ 4.8340313, 50.1348236 ], [ 4.8339798, 50.1348649 ], [ 4.8337603, 50.1347423 ], [ 4.8336932, 50.1347731 ], [ 4.8336551, 50.1347905 ], [ 4.8336444, 50.1347813 ], [ 4.8335827, 50.1348135 ], [ 4.8336819, 50.1348741 ], [ 4.8337823, 50.1349368 ], [ 4.8337139, 50.1349775 ], [ 4.8337027, 50.1349817 ], [ 4.8335047, 50.1350982 ], [ 4.8336193, 50.135175 ], [ 4.8335555, 50.1352138 ], [ 4.8335766, 50.135228 ], [ 4.833671, 50.1352887 ], [ 4.8333988, 50.1354474 ], [ 4.8334752, 50.1355051 ], [ 4.8332213, 50.1356525 ], [ 4.8330733, 50.135555 ], [ 4.832946, 50.1354711 ], [ 4.832838, 50.1355466 ], [ 4.8329298, 50.135611 ], [ 4.8330974, 50.1357283 ], [ 4.8331156, 50.1357406 ], [ 4.833196, 50.1357968 ], [ 4.8333453, 50.1359009 ], [ 4.8334148, 50.1359502 ], [ 4.8334006, 50.1359588 ], [ 4.8334835, 50.1360271 ], [ 4.8335977, 50.1359796 ], [ 4.8338649, 50.1358707 ], [ 4.8340272, 50.1360064 ], [ 4.8344173, 50.1358572 ], [ 4.8345184, 50.1358179 ], [ 4.834595, 50.1357888 ], [ 4.8348625, 50.1356848 ], [ 4.8349509, 50.1356589 ], [ 4.8350644, 50.1356049 ] ] ] ] } },
{ "type": "Feature", "properties": { "fid": 25, "FRICHE": "Ardenity – ex-Tesa-Beiersdorf, Sorochimie", "COMMUNE": "Givet", "site_id": "08190_03", "proprio_type": "Z4a", "unite_fonciere_surface": 19836, "unite_fonciere_refcad": "08190000AY0034|08190000AY0057|08190000AY0064|08190000AY0067|08190000AY0070|08190000AY0072|08190000AY0114|08190000AY0115", "idprocpte": "08190+00306", "geompoint": "Point (4.814647 50.14145)", "proprio_personne": "personne morale", "surf_calc": 19848, "proprio_nom": "CHAMBRE COMMERCE INDUSTRIE DES ARDENNES" }, "geometry": { "type": "MultiPolygon", "coordinates": [ [ [ [ 4.8159229735, 50.1418995684 ], [ 4.8159432109, 50.141504297 ], [ 4.8159684541, 50.1414714942 ], [ 4.816035996, 50.141448937 ], [ 4.8160264488, 50.141404791 ], [ 4.8160028598, 50.1412963597 ], [ 4.8159895143, 50.1412358314 ], [ 4.8148718897, 50.1413531351 ], [ 4.8147896694, 50.1413287488 ], [ 4.8146550761, 50.1408171 ], [ 4.8144540674, 50.1408399248 ], [ 4.8143417484, 50.1408532578 ], [ 4.8139642899, 50.1408980906 ], [ 4.813779113, 50.140922292 ], [ 4.8134256535, 50.1409619126 ], [ 4.813044127, 50.1410065331 ], [ 4.8130724846, 50.1411155252 ], [ 4.8130700814, 50.1411421479 ], [ 4.8130578242, 50.1411629013 ], [ 4.8130401129, 50.1411758284 ], [ 4.8130174442, 50.1411868507 ], [ 4.8129855331, 50.1411973842 ], [ 4.8129383965, 50.141204278 ], [ 4.812959179, 50.1412890366 ], [ 4.8130086454, 50.1412886677 ], [ 4.8130594814, 50.1412914207 ], [ 4.8131107613, 50.1413026074 ], [ 4.8131381027, 50.1413129832 ], [ 4.8131583022, 50.1413227476 ], [ 4.8131908885, 50.1413428391 ], [ 4.8132140518, 50.1413651338 ], [ 4.8132345681, 50.1413957301 ], [ 4.8132488917, 50.1414327991 ], [ 4.8132562871, 50.1414520011 ], [ 4.8133227151, 50.141699307 ], [ 4.8133362531, 50.1417495869 ], [ 4.8135297896, 50.1417989236 ], [ 4.8135757722, 50.141810641 ], [ 4.8136153991, 50.1419767749 ], [ 4.8136487448, 50.1421199175 ], [ 4.8140624451, 50.1420798542 ], [ 4.8142985808, 50.1420579504 ], [ 4.8151320926, 50.1419766497 ], [ 4.8153400501, 50.1419564214 ], [ 4.815893723, 50.1419024261 ], [ 4.8159229735, 50.1418995684 ] ] ] ] } },
{ "type": "Feature", "properties": { "fid": 27, "FRICHE": "Centrale électrique Usinor", "COMMUNE": "Glaire", "site_id": "08194_01", "proprio_type": "X1a", "unite_fonciere_surface": 49420, "unite_fonciere_refcad": "08194000AE0028|08194000AE0029|08194000AE0225", "idprocpte": "08194W00018", "geompoint": "Point (4.89904 49.702262)", "proprio_personne": "personne physique", "surf_calc": 49662, "proprio_nom": "_X_" }, "geometry": { "type": "MultiPolygon", "coordinates": [ [ [ [ 4.9005666145, 49.7034079748 ], [ 4.9007616028, 49.7032027018 ], [ 4.9009694782, 49.7029826667 ], [ 4.9008804361, 49.7026335278 ], [ 4.900803622, 49.7023785711 ], [ 4.9007207654, 49.7021211902 ], [ 4.9006457185, 49.7018990153 ], [ 4.9005100167, 49.7016143253 ], [ 4.9003690044, 49.7013245085 ], [ 4.9002575001, 49.7010980489 ], [ 4.9001352713, 49.7009896749 ], [ 4.9000188675, 49.7008926209 ], [ 4.9000018529, 49.7008784177 ], [ 4.8999200533, 49.7009668795 ], [ 4.8998164936, 49.7010553195 ], [ 4.8996950008, 49.7011386465 ], [ 4.899511736, 49.7012375842 ], [ 4.8993872635, 49.7012964203 ], [ 4.8991687714, 49.7013797342 ], [ 4.8986113702, 49.7015951507 ], [ 4.8980573683, 49.7018126741 ], [ 4.8977789052, 49.7019605497 ], [ 4.8977213368, 49.7019965002 ], [ 4.8975911785, 49.7020927247 ], [ 4.897161981, 49.7024063546 ], [ 4.8971237052, 49.7024354411 ], [ 4.8970954711, 49.7024626669 ], [ 4.8969116007, 49.7027324739 ], [ 4.8982268623, 49.7030877535 ], [ 4.8995501885, 49.7034994308 ], [ 4.8998695578, 49.7034939073 ], [ 4.9003400691, 49.7036403426 ], [ 4.9005666145, 49.7034079748 ] ] ] ] } },
{ "type": "Feature", "properties": { "fid": 29, "FRICHE": "Entrepôts Champagne-Céréales, transport Boucher", "COMMUNE": "Launois-sur-Vence", "site_id": "08248_01", "proprio_type": "G1a", "unite_fonciere_surface": 2737, "unite_fonciere_refcad": "08248000AD0005", "idprocpte": "08248+00091", "geompoint": "Point (4.540644 49.653836)", "proprio_personne": "personne morale", "surf_calc": 2738, "proprio_nom": "SCI" }, "geometry": { "type": "MultiPolygon", "coordinates": [ [ [ [ 4.5406550617, 49.6535371703 ], [ 4.5406379545, 49.6535345074 ], [ 4.540588858, 49.653526771 ], [ 4.5404329348, 49.6535023228 ], [ 4.540419583, 49.6535002486 ], [ 4.5401734169, 49.653955169 ], [ 4.5402543226, 49.6539616939 ], [ 4.5406771504, 49.6539910279 ], [ 4.5407037575, 49.6539919527 ], [ 4.5409958755, 49.6540020024 ], [ 4.5410893188, 49.6537166318 ], [ 4.5411242105, 49.6536107656 ], [ 4.5406550617, 49.6535371703 ] ] ] ] } },
{ "type": "Feature", "properties": { "fid": 31, "FRICHE": "Aciéries de Flize, puis Société Métallurgique de l’Escaut", "COMMUNE": "Flize", "site_id": "08173_01", "proprio_type": "G1a|X1a", "unite_fonciere_surface": 25987, "unite_fonciere_refcad": "08173000AC0949|08173000AC0953|08173000AC0965", "idprocpte": "08173+00064|08173B00153", "geompoint": "Point (4.773914 49.695435)", "proprio_personne": "personne morale|personne physique", "surf_calc": 26050, "proprio_nom": "_X_|SCI" }, "geometry": { "type": "MultiPolygon", "coordinates": [ [ [ [ 4.7729371, 49.6955985 ], [ 4.7734247, 49.6961631 ], [ 4.7735021, 49.6962525 ], [ 4.7738875, 49.6961597 ], [ 4.7739443, 49.6961903 ], [ 4.7740476, 49.6962461 ], [ 4.7744254, 49.6964439 ], [ 4.774806, 49.6966474 ], [ 4.7747919, 49.696585 ], [ 4.7747893, 49.6963856 ], [ 4.7747911, 49.696203 ], [ 4.7747962, 49.6961625 ], [ 4.7747192, 49.6961611 ], [ 4.7746773, 49.6961604 ], [ 4.7746829, 49.6961224 ], [ 4.7746935, 49.6960496 ], [ 4.7747008, 49.6959998 ], [ 4.7750516, 49.6959959 ], [ 4.7750105, 49.6959214 ], [ 4.7748163, 49.6955701 ], [ 4.7746839, 49.6953305 ], [ 4.7745516, 49.6951908 ], [ 4.7744678, 49.6951023 ], [ 4.774153, 49.6947679 ], [ 4.7741395, 49.6947751 ], [ 4.7741365, 49.6947719 ], [ 4.7739805, 49.6946057 ], [ 4.773921, 49.6946275 ], [ 4.7738121, 49.6945077 ], [ 4.7737156, 49.6944064 ], [ 4.7737516, 49.6943924 ], [ 4.7735852, 49.6942483 ], [ 4.7731188, 49.6945032 ], [ 4.7729019, 49.6943209 ], [ 4.772259, 49.6945916 ], [ 4.772282, 49.6946206 ], [ 4.7724034, 49.6947835 ], [ 4.7725529, 49.6949343 ], [ 4.7724157, 49.6949768 ], [ 4.7723987, 49.6949822 ], [ 4.7725387, 49.6951413 ], [ 4.7726941, 49.695091 ], [ 4.7728325, 49.6952469 ], [ 4.7730206, 49.6953702 ], [ 4.7730339, 49.69538 ], [ 4.773153, 49.6955139 ], [ 4.7729371, 49.6955985 ] ] ] ] } },
{ "type": "Feature", "properties": { "fid": 33, "FRICHE": "Aciérie Val Thomé", "COMMUNE": "Nouzonville", "site_id": "08328_01", "proprio_type": "P4a", "unite_fonciere_surface": 52011, "unite_fonciere_refcad": "08328000AO0036|08328000AO0037|08328000AO0038|08328000AO0045|08328000AO0046|08328000AO0049|08328000AO0054|08328000AO0056|08328000AO0067|08328000AO0070|08328000AO0071|08328000AO0072|08328000AO0073", "idprocpte": "08328+00446", "geompoint": "Point (4.741767 49.811035)", "proprio_personne": "personne morale", "surf_calc": 51804, "proprio_nom": "COMMUNAUTE AGGLO ARDENNE METROPOLE" }, "geometry": { "type": "MultiPolygon", "coordinates": [ [ [ [ 4.7412870188, 49.8147296626 ], [ 4.7412840054, 49.8148246011 ], [ 4.7413325583, 49.8148108762 ], [ 4.7413628942, 49.814804426 ], [ 4.7414159857, 49.8147974677 ], [ 4.7414726512, 49.8147934239 ], [ 4.7414704611, 49.8147822186 ], [ 4.7414843743, 49.8145100958 ], [ 4.7415013477, 49.8141972211 ], [ 4.7415306542, 49.8139406009 ], [ 4.7415466099, 49.8138709106 ], [ 4.7415785135, 49.8137518357 ], [ 4.7416003876, 49.8136724419 ], [ 4.7416411764, 49.8135529705 ], [ 4.7415666881, 49.8135393843 ], [ 4.7416584755, 49.8132905041 ], [ 4.74170604, 49.8131908856 ], [ 4.7417833607, 49.8130392588 ], [ 4.7417097351, 49.8130182035 ], [ 4.7417390507, 49.8129777077 ], [ 4.7418270526, 49.8128666365 ], [ 4.7414875793, 49.81285225 ], [ 4.741488697, 49.8128361503 ], [ 4.7414921815, 49.8127917098 ], [ 4.7415674324, 49.8127993488 ], [ 4.7418492118, 49.81282813 ], [ 4.7419367691, 49.8124227641 ], [ 4.7419541033, 49.8123774033 ], [ 4.7420220038, 49.8122183622 ], [ 4.7420514555, 49.8121493794 ], [ 4.7423158465, 49.811542077 ], [ 4.7423454767, 49.8114744395 ], [ 4.7424135617, 49.8113208787 ], [ 4.742450381, 49.8112400148 ], [ 4.7424800902, 49.8111624876 ], [ 4.7422659231, 49.811124838 ], [ 4.7422538876, 49.8109307211 ], [ 4.7422410327, 49.8107980881 ], [ 4.7424211935, 49.8105022001 ], [ 4.7425326936, 49.8103188116 ], [ 4.7425831121, 49.8102336232 ], [ 4.742631241, 49.8101626587 ], [ 4.7433663327, 49.8094122199 ], [ 4.7433234094, 49.8093956711 ], [ 4.7433757356, 49.809345944 ], [ 4.743504191, 49.8092323194 ], [ 4.7436744085, 49.8090809804 ], [ 4.7437124356, 49.8090478163 ], [ 4.7437274554, 49.8090362788 ], [ 4.7440214615, 49.8088582812 ], [ 4.7440391188, 49.8088468838 ], [ 4.7442618425, 49.8087122305 ], [ 4.7444392776, 49.8086015871 ], [ 4.7448818648, 49.8083345623 ], [ 4.7452726897, 49.8081050325 ], [ 4.7454072835, 49.8080288774 ], [ 4.7448872739, 49.8077405737 ], [ 4.7456086937, 49.8072586445 ], [ 4.7455693554, 49.8072370146 ], [ 4.7455503677, 49.8072462691 ], [ 4.7453627691, 49.8071403992 ], [ 4.7453186633, 49.807117484 ], [ 4.7446295412, 49.8075978714 ], [ 4.7444976586, 49.8077046287 ], [ 4.7441386456, 49.8079874418 ], [ 4.7438792357, 49.8081902871 ], [ 4.7435942095, 49.8084765375 ], [ 4.7433029349, 49.8087873122 ], [ 4.7430450973, 49.8090567274 ], [ 4.7428955005, 49.8092183712 ], [ 4.7428086411, 49.8093099253 ], [ 4.7427322705, 49.8093914462 ], [ 4.7421812342, 49.8099768672 ], [ 4.7419450819, 49.8102025658 ], [ 4.7418428027, 49.8103104229 ], [ 4.7417258991, 49.8104453616 ], [ 4.7416260226, 49.8105748431 ], [ 4.7415331209, 49.8106848144 ], [ 4.7414618912, 49.8107745266 ], [ 4.7414126233, 49.8108407404 ], [ 4.7413790802, 49.8108872276 ], [ 4.7413438594, 49.8109377825 ], [ 4.7411999899, 49.8111536214 ], [ 4.7411552856, 49.8112312761 ], [ 4.7411011458, 49.8113459939 ], [ 4.7410595004, 49.8114359144 ], [ 4.7409696623, 49.8116033505 ], [ 4.7409309607, 49.8116779539 ], [ 4.7408964129, 49.8117563585 ], [ 4.740860529, 49.8118442179 ], [ 4.7408371146, 49.8119028698 ], [ 4.7408011144, 49.8119917228 ], [ 4.7407711021, 49.8120726669 ], [ 4.7407158923, 49.8122130108 ], [ 4.740660573, 49.812345991 ], [ 4.7406461007, 49.8123819613 ], [ 4.7406084769, 49.8125615977 ], [ 4.7406041201, 49.8125885272 ], [ 4.7405836293, 49.812679941 ], [ 4.7405692213, 49.8127503317 ], [ 4.740551258, 49.8128386522 ], [ 4.7404994899, 49.8131328881 ], [ 4.7404916955, 49.8131895215 ], [ 4.740485988, 49.8132379512 ], [ 4.7404849847, 49.813298262 ], [ 4.7404857209, 49.8133810156 ], [ 4.7404937665, 49.8134337405 ], [ 4.7405055609, 49.8134700585 ], [ 4.7405504724, 49.8136388065 ], [ 4.7405865376, 49.813776322 ], [ 4.740622483, 49.8137714095 ], [ 4.7406534413, 49.8137671019 ], [ 4.7410866031, 49.8137064642 ], [ 4.7412624148, 49.8136819405 ], [ 4.7413713312, 49.813666637 ], [ 4.7413717585, 49.8138422201 ], [ 4.7413114282, 49.8140198459 ], [ 4.7413060493, 49.8141348541 ], [ 4.7412870188, 49.8147296626 ] ] ] ] } },
{ "type": "Feature", "properties": { "fid": 34, "FRICHE": "Thomé-Génot", "COMMUNE": "Nouzonville", "site_id": "08328_02", "proprio_type": "P4a|F2a", "unite_fonciere_surface": 21927, "unite_fonciere_refcad": "08328000AO0044|08328000AO0052|08328000AO0080|08328000AP0133|08328000AP0134", "idprocpte": "08328+00446|08328+00558", "geompoint": "Point (4.742794 49.813835)", "proprio_personne": "personne morale", "surf_calc": 21928, "proprio_nom": "COMMUNAUTE AGGLO ARDENNE METROPOLE|ETABLISSEMENT PUBLIC FONCIER DE GRAND EST" }, "geometry": { "type": "MultiPolygon", "coordinates": [ [ [ [ 4.7434010695, 49.8129207184 ], [ 4.7433858908, 49.8128910108 ], [ 4.7433705164, 49.8128677761 ], [ 4.7430466306, 49.8128748301 ], [ 4.7423117114, 49.8128908971 ], [ 4.7422470443, 49.8128923597 ], [ 4.7422212865, 49.8128861711 ], [ 4.7422090236, 49.8128808628 ], [ 4.7421756863, 49.8129458625 ], [ 4.7421410743, 49.8129490527 ], [ 4.7420859376, 49.8129365384 ], [ 4.7420607508, 49.8130084311 ], [ 4.7419583924, 49.813329896 ], [ 4.7418885561, 49.8133263963 ], [ 4.7418461407, 49.813450927 ], [ 4.7418065764, 49.8136060532 ], [ 4.7417999653, 49.8136362554 ], [ 4.7417362207, 49.8139172693 ], [ 4.7417114776, 49.8140347108 ], [ 4.7416907673, 49.8141726805 ], [ 4.7416806203, 49.8142905445 ], [ 4.7416710214, 49.8144000432 ], [ 4.7416690819, 49.8145181512 ], [ 4.7416692961, 49.8147607788 ], [ 4.7418155144, 49.8147602228 ], [ 4.7418159546, 49.8147650691 ], [ 4.7418168525, 49.8147750311 ], [ 4.7418255111, 49.814776525 ], [ 4.7418263607, 49.8147931358 ], [ 4.7418479346, 49.8147946233 ], [ 4.7418574053, 49.8147913446 ], [ 4.7419878842, 49.8147079741 ], [ 4.7423307958, 49.8144929811 ], [ 4.7423924322, 49.8144556146 ], [ 4.7429870821, 49.8143287712 ], [ 4.7432073385, 49.8143329951 ], [ 4.7434334183, 49.814332547 ], [ 4.7433996432, 49.8141283246 ], [ 4.7433645925, 49.8139150406 ], [ 4.7433619679, 49.8138991723 ], [ 4.7434205176, 49.813893483 ], [ 4.7435570068, 49.8138847929 ], [ 4.7436034328, 49.8138817894 ], [ 4.7435987026, 49.8138491503 ], [ 4.7438430684, 49.8138352301 ], [ 4.7438284052, 49.8138045285 ], [ 4.7437844413, 49.8137126875 ], [ 4.7436660431, 49.8134621349 ], [ 4.7436019984, 49.8133312206 ], [ 4.7435427398, 49.8132062551 ], [ 4.7434967921, 49.8131092338 ], [ 4.7434010695, 49.8129207184 ] ] ] ] } },
{ "type": "Feature", "properties": { "fid": 35, "FRICHE": "Oil France", "COMMUNE": "Nouzonville", "site_id": "08328_04", "proprio_type": "G1a", "unite_fonciere_surface": 795, "unite_fonciere_refcad": "08328000AV0143|08328000AV0437", "idprocpte": "08328+00496", "geompoint": "Point (4.739702 49.817005)", "proprio_personne": "personne morale", "surf_calc": 800, "proprio_nom": "SCI" }, "geometry": { "type": "MultiPolygon", "coordinates": [ [ [ [ 4.7400115496, 49.8170244471 ], [ 4.7399983534, 49.8169795277 ], [ 4.7399770242, 49.8169079379 ], [ 4.7399602555, 49.816851833 ], [ 4.7398345226, 49.8168871466 ], [ 4.7397231731, 49.8169168632 ], [ 4.739654873, 49.8169380561 ], [ 4.7394516721, 49.8169947792 ], [ 4.7393480493, 49.817022854 ], [ 4.7393814364, 49.817073422 ], [ 4.7393978367, 49.8170981683 ], [ 4.7394284337, 49.8171443709 ], [ 4.7396059766, 49.8171375264 ], [ 4.7396885167, 49.817114335 ], [ 4.7397266204, 49.8171037252 ], [ 4.7397155355, 49.8170635367 ], [ 4.7397265952, 49.8170621227 ], [ 4.7397582643, 49.8170580748 ], [ 4.7397850908, 49.8170547268 ], [ 4.7398990375, 49.8170403397 ], [ 4.7400115496, 49.8170244471 ] ] ] ] } },
{ "type": "Feature", "properties": { "fid": 36, "FRICHE": "Société Anonyme des Textiles sedanais puis Vynex", "COMMUNE": "Noyers-Pont-Maugis", "site_id": "08331_01", "proprio_type": "G1a|Z1a|Z2b", "unite_fonciere_surface": 20934, "unite_fonciere_refcad": "08331000AB0468|08331000AB0494|08331000AB0517|08331000AB0540|08331000AB0543|08331000AB0544|08331000AB0545|08331000AB0546|08331000AB0547|08331000AB0548|08331000AB0549|08331000AB0550|08331000AB0551|08331000AB0554|08331000AB0555|08331000AB0602|08331000AB0604|08331000AB0703|08331000AB0704|08331000AB0705|08331000AB0706|08331000AB0707|08331000AB0708", "idprocpte": "08331+00102|08331+00104|08331+00106|08331+00083", "geompoint": "Point (4.956944 49.668456)", "proprio_personne": "personne morale", "surf_calc": 20817, "proprio_nom": "_X_|SCI" }, "geometry": { "type": "MultiPolygon", "coordinates": [ [ [ [ 4.955662099, 49.6682264905 ], [ 4.9556571885, 49.668228457 ], [ 4.9553280755, 49.6683611161 ], [ 4.955267917, 49.6683850954 ], [ 4.9552963281, 49.6684147482 ], [ 4.9553560508, 49.6683902366 ], [ 4.9554718983, 49.6685116975 ], [ 4.9553479768, 49.6685597087 ], [ 4.9554789742, 49.6686971053 ], [ 4.9555642684, 49.6687874162 ], [ 4.9555654208, 49.6687886542 ], [ 4.9556885766, 49.6687388592 ], [ 4.9557922274, 49.668696831 ], [ 4.9558889416, 49.6686583334 ], [ 4.9559283707, 49.6686426904 ], [ 4.9560207237, 49.6686059724 ], [ 4.9560350469, 49.6686002574 ], [ 4.9564193257, 49.6689946904 ], [ 4.9565574019, 49.6691397919 ], [ 4.9566021377, 49.6691943512 ], [ 4.9566856146, 49.6691680223 ], [ 4.9574458051, 49.668922002 ], [ 4.9583455761, 49.6686320194 ], [ 4.9584758051, 49.6685897443 ], [ 4.9585489806, 49.6685659152 ], [ 4.9586242816, 49.6685176967 ], [ 4.9586307726, 49.6684992557 ], [ 4.9585953623, 49.6684750177 ], [ 4.9585618957, 49.6684724987 ], [ 4.9585524895, 49.6684801088 ], [ 4.9584795786, 49.6684241162 ], [ 4.9584536818, 49.6684385552 ], [ 4.958430512, 49.6684193352 ], [ 4.9583346679, 49.6683031313 ], [ 4.9583086055, 49.6682697526 ], [ 4.9582991265, 49.6682574094 ], [ 4.9581309035, 49.6681314928 ], [ 4.9577593094, 49.6678552385 ], [ 4.9577125107, 49.6678736973 ], [ 4.9575056628, 49.6679583754 ], [ 4.957440944, 49.6678920898 ], [ 4.9573353142, 49.6677841323 ], [ 4.9572435564, 49.667822012 ], [ 4.9571112934, 49.6678762751 ], [ 4.9570615029, 49.6678562212 ], [ 4.9570214098, 49.6678398781 ], [ 4.9570180366, 49.6678385841 ], [ 4.9569892062, 49.6678088467 ], [ 4.9569077538, 49.6677249466 ], [ 4.9568681722, 49.667740053 ], [ 4.9569516006, 49.667825 ], [ 4.9569824327, 49.6678562368 ], [ 4.9571412906, 49.6680198738 ], [ 4.9572018594, 49.6680828071 ], [ 4.9567909761, 49.6682534589 ], [ 4.9565026093, 49.6679550987 ], [ 4.9564558941, 49.6679067731 ], [ 4.9563370677, 49.6679538945 ], [ 4.9561387376, 49.6680332182 ], [ 4.955662099, 49.6682264905 ] ] ], [ [ [ 4.9564987532, 49.6674552227 ], [ 4.9564914031, 49.6674476989 ], [ 4.9564776126, 49.6674527745 ], [ 4.9564691018, 49.6674440129 ], [ 4.9564222598, 49.6674611235 ], [ 4.9564396938, 49.6674790016 ], [ 4.9562708283, 49.6675465262 ], [ 4.9564573176, 49.667737316 ], [ 4.9571118795, 49.6674708843 ], [ 4.9568823213, 49.6673018213 ], [ 4.9567237915, 49.6673645045 ], [ 4.9566680265, 49.6673875132 ], [ 4.9566100423, 49.6674102879 ], [ 4.9565800164, 49.667421913 ], [ 4.9564987532, 49.6674552227 ] ] ] ] } },
{ "type": "Feature", "properties": { "fid": 37, "FRICHE": "Ferronerie Doudoux", "COMMUNE": "Arreux", "site_id": "08022_01", "proprio_type": "X1a", "unite_fonciere_surface": 1002, "unite_fonciere_refcad": "08022000AB0128|08022000AB0248|08022000AB0249|08022000AB0279", "idprocpte": "08022N00004", "geompoint": "Point (4.651847 49.825876)", "proprio_personne": "personne physique", "surf_calc": 1018, "proprio_nom": "_X_" }, "geometry": { "type": "MultiPolygon", "coordinates": [ [ [ [ 4.6515292035, 49.8257677103 ], [ 4.6515942305, 49.8258282881 ], [ 4.6519398128, 49.826055151 ], [ 4.6520858753, 49.8260637705 ], [ 4.6523169026, 49.8260405091 ], [ 4.6522525987, 49.8259222892 ], [ 4.6520800793, 49.825949401 ], [ 4.6519016464, 49.8257107459 ], [ 4.6515292035, 49.8257677103 ] ] ] ] } },
{ "type": "Feature", "properties": { "fid": 39, "FRICHE": "Boulonnerie Vaucher", "COMMUNE": "Bogny-sur-Meuse", "site_id": "08081_02", "proprio_type": "P5a", "unite_fonciere_surface": 2893, "unite_fonciere_refcad": "08081000AN0465", "idprocpte": "08081+00402", "geompoint": "Point (4.759782 49.861097)", "proprio_personne": "personne morale", "surf_calc": 2912, "proprio_nom": "COMMUNE DE BOGNY-SUR-MEUSE" }, "geometry": { "type": "MultiPolygon", "coordinates": [ [ [ [ 4.7600707321, 49.8606699002 ], [ 4.759825118, 49.8608030194 ], [ 4.7597080173, 49.8608536779 ], [ 4.7597676532, 49.8608818412 ], [ 4.7597402369, 49.8609052418 ], [ 4.7595544296, 49.8610635559 ], [ 4.7594685721, 49.8611374866 ], [ 4.7594279265, 49.8611722166 ], [ 4.7593805444, 49.861213066 ], [ 4.7593165811, 49.8612688946 ], [ 4.7592612025, 49.8613156065 ], [ 4.7593142281, 49.8613658841 ], [ 4.7593771778, 49.8614258097 ], [ 4.7594433793, 49.8614873976 ], [ 4.7594731267, 49.8615156357 ], [ 4.7599113915, 49.8611966131 ], [ 4.7601071469, 49.8610525344 ], [ 4.7601860707, 49.8609952335 ], [ 4.7604023419, 49.8608335193 ], [ 4.7601776222, 49.860706014 ], [ 4.7600707321, 49.8606699002 ] ] ] ] } },
{ "type": "Feature", "properties": { "fid": 42, "FRICHE": "Établissement Biette", "COMMUNE": "Carignan", "site_id": "08090_01", "proprio_type": "P5a", "unite_fonciere_surface": 1036, "unite_fonciere_refcad": "08090000AN0560", "idprocpte": "08090+00280", "geompoint": "Point (5.168961 49.630894)", "proprio_personne": "personne morale", "surf_calc": 1036, "proprio_nom": "COMMUNE DE CARIGNAN" }, "geometry": { "type": "MultiPolygon", "coordinates": [ [ [ [ 5.1686210993, 49.6309653585 ], [ 5.1686553019, 49.630977338 ], [ 5.1686629091, 49.6309699128 ], [ 5.1690054898, 49.6310881188 ], [ 5.1690339026, 49.6310979224 ], [ 5.1691310253, 49.631001842 ], [ 5.1691032279, 49.6309871537 ], [ 5.1691965572, 49.6308920143 ], [ 5.1692672959, 49.6308859814 ], [ 5.1689056221, 49.630688901 ], [ 5.1686210993, 49.6309653585 ] ] ] ] } },
{ "type": "Feature", "properties": { "fid": 43, "FRICHE": "Fonderie du Moulinet SA puis Bricomarché", "COMMUNE": "Charleville-Mézières", "site_id": "08105_01", "proprio_type": "F7b", "unite_fonciere_surface": 24153, "unite_fonciere_refcad": "08105000AZ0475|08105000AZ0476|08105000AZ0477|08105000AZ0478|08105000AZ0480|08105000AZ0782", "idprocpte": "08105+04044", "geompoint": "Point (4.707959 49.779977)", "proprio_personne": "personne morale", "surf_calc": 24138, "proprio_nom": "L'IMMOBILIERE EUROPEENNE DES MOUSQUETAIRES" }, "geometry": { "type": "MultiPolygon", "coordinates": [ [ [ [ 4.7084185926, 49.7790958382 ], [ 4.7083532445, 49.7790298017 ], [ 4.7078138284, 49.7792462977 ], [ 4.7069847427, 49.7795739693 ], [ 4.7066572401, 49.7797033782 ], [ 4.7069166509, 49.7800743967 ], [ 4.7069794784, 49.7801644633 ], [ 4.7071170499, 49.7803610531 ], [ 4.7075658153, 49.7810033303 ], [ 4.7077234574, 49.7809655355 ], [ 4.7083042057, 49.7808266449 ], [ 4.7085280807, 49.7807731848 ], [ 4.7091081338, 49.7806343001 ], [ 4.7090078898, 49.7804421337 ], [ 4.708912687, 49.7802595104 ], [ 4.7091534043, 49.7801577328 ], [ 4.7091098746, 49.780113498 ], [ 4.7091760188, 49.780086959 ], [ 4.7089817615, 49.7798804736 ], [ 4.7089289555, 49.7798245118 ], [ 4.7088633382, 49.7797547051 ], [ 4.7089927971, 49.7796999575 ], [ 4.7089186288, 49.7796234444 ], [ 4.7089135626, 49.7796255806 ], [ 4.7088407665, 49.779548509 ], [ 4.7087645009, 49.7794675283 ], [ 4.7086665148, 49.7793634885 ], [ 4.7086295471, 49.7793244672 ], [ 4.7085637893, 49.7792546622 ], [ 4.7085050898, 49.7791924904 ], [ 4.7084931501, 49.7791798086 ], [ 4.7084991697, 49.7791772979 ], [ 4.7084570914, 49.779134838 ], [ 4.7084185926, 49.7790958382 ] ] ] ] } },
{ "type": "Feature", "properties": { "fid": 45, "FRICHE": "Société Fers et Métaux", "COMMUNE": "Revin", "site_id": "08363_01", "proprio_type": "X1a", "unite_fonciere_surface": 3950, "unite_fonciere_refcad": "08363000AI0203", "idprocpte": "08363H00342", "geompoint": "Point (4.641284 49.934128)", "proprio_personne": "personne physique", "surf_calc": 3946, "proprio_nom": "_X_" }, "geometry": { "type": "MultiPolygon", "coordinates": [ [ [ [ 4.642322, 49.934379 ], [ 4.6423284, 49.9343604 ], [ 4.64233, 49.934354 ], [ 4.6423377, 49.9343203 ], [ 4.642287, 49.9343042 ], [ 4.6414344, 49.9340341 ], [ 4.6411357, 49.9339398 ], [ 4.6408596, 49.9338526 ], [ 4.6406918, 49.9337992 ], [ 4.6405637, 49.9337578 ], [ 4.6405245, 49.9339236 ], [ 4.6405007, 49.9340232 ], [ 4.6405427, 49.9340367 ], [ 4.6405949, 49.9340531 ], [ 4.6407004, 49.9340861 ], [ 4.6410075, 49.9341824 ], [ 4.641916, 49.9344674 ], [ 4.6421751, 49.9345486 ], [ 4.6422178, 49.9345619 ], [ 4.6422308, 49.9345384 ], [ 4.6422492, 49.9345054 ], [ 4.6422714, 49.9344678 ], [ 4.642322, 49.934379 ] ] ] ] } },
{ "type": "Feature", "properties": { "fid": 46, "FRICHE": "Porcher – Ideal Standard", "COMMUNE": "Revin", "site_id": "08363_02", "proprio_type": "P4a", "unite_fonciere_surface": 63639, "unite_fonciere_refcad": "08363000AK0017|08363000AK0019|08363000AK0020|08363000AK0021|08363000AK0022|08363000AK0023|08363000AK0024|08363000AK0206|08363000AK0207|08363000AK0269|08363000AK0271|08363000AK0298|08363000AK0300|08363000AK0301|08363000AK0321|08363000AK0339|08363000AK0340", "idprocpte": "08363+00666", "geompoint": "Point (4.64688 49.937174)", "proprio_personne": "personne morale", "surf_calc": 63696, "proprio_nom": "COMMUNAUTE COMMUNES ARDENNE RIVES MEUSE" }, "geometry": { "type": "MultiPolygon", "coordinates": [ [ [ [ 4.6468039, 49.9387854 ], [ 4.6468147, 49.9387796 ], [ 4.6468261, 49.9387742 ], [ 4.6468443, 49.9387671 ], [ 4.6468592, 49.9387626 ], [ 4.6468789, 49.9387579 ], [ 4.6468903, 49.9387558 ], [ 4.6469041, 49.9387539 ], [ 4.6469204, 49.9387525 ], [ 4.6469344, 49.938752 ], [ 4.6469445, 49.9387512 ], [ 4.6469593, 49.9387513 ], [ 4.646974, 49.9387521 ], [ 4.6469864, 49.9387534 ], [ 4.6469986, 49.9387553 ], [ 4.6470085, 49.9387575 ], [ 4.6470183, 49.9387598 ], [ 4.647028, 49.9387628 ], [ 4.6470372, 49.938766 ], [ 4.6470461, 49.9387695 ], [ 4.647053, 49.9387727 ], [ 4.6470612, 49.9387769 ], [ 4.647069, 49.9387814 ], [ 4.6470805, 49.9387893 ], [ 4.6470871, 49.9387946 ], [ 4.6470933, 49.9388001 ], [ 4.6471698, 49.9387637 ], [ 4.6471778, 49.9387715 ], [ 4.6472138, 49.9388065 ], [ 4.6472191, 49.9388116 ], [ 4.6473066, 49.9387719 ], [ 4.6479423, 49.9384814 ], [ 4.6482017, 49.9382859 ], [ 4.6484116, 49.9381297 ], [ 4.6485044, 49.9380456 ], [ 4.6486022, 49.9379473 ], [ 4.648749, 49.9378032 ], [ 4.6489138, 49.9376371 ], [ 4.6490861, 49.9374667 ], [ 4.6491783, 49.937343 ], [ 4.6492415, 49.9372588 ], [ 4.6491645, 49.9372241 ], [ 4.6487066, 49.9370109 ], [ 4.6484821, 49.9369084 ], [ 4.6483266, 49.9368357 ], [ 4.6479432, 49.9366591 ], [ 4.6474008, 49.9364106 ], [ 4.6473875, 49.9364048 ], [ 4.6474604, 49.9362902 ], [ 4.6473835, 49.9361811 ], [ 4.647382, 49.936179 ], [ 4.6474756, 49.9359713 ], [ 4.6475195, 49.9358796 ], [ 4.6475242, 49.935865 ], [ 4.6475291, 49.9358493 ], [ 4.647571, 49.9357214 ], [ 4.6474798, 49.9355932 ], [ 4.6473809, 49.9355267 ], [ 4.6470505, 49.9354 ], [ 4.6469837, 49.9354518 ], [ 4.6467257, 49.9354441 ], [ 4.6466695, 49.9356405 ], [ 4.646609, 49.9358587 ], [ 4.6467178, 49.935879 ], [ 4.6468094, 49.9360069 ], [ 4.6468053, 49.9360463 ], [ 4.6467686, 49.9364592 ], [ 4.6470314, 49.9365643 ], [ 4.646801, 49.9367914 ], [ 4.646588, 49.9369715 ], [ 4.6464302, 49.9369811 ], [ 4.6464331, 49.9370198 ], [ 4.6462673, 49.9370291 ], [ 4.6462616, 49.9369884 ], [ 4.6462515, 49.9369088 ], [ 4.6460392, 49.9369226 ], [ 4.6457927, 49.9369405 ], [ 4.6456533, 49.9369522 ], [ 4.6454411, 49.936962 ], [ 4.6451292, 49.9369473 ], [ 4.6451353, 49.9368828 ], [ 4.6445801, 49.9368581 ], [ 4.6445279, 49.9368409 ], [ 4.6444114, 49.9368465 ], [ 4.644172, 49.9368602 ], [ 4.6436702, 49.9369015 ], [ 4.6436462, 49.9369021 ], [ 4.6435726, 49.9368995 ], [ 4.6435632, 49.9370017 ], [ 4.6435448, 49.9372713 ], [ 4.6441614, 49.9371788 ], [ 4.6443746, 49.9371462 ], [ 4.6445518, 49.9371484 ], [ 4.6445494, 49.9371671 ], [ 4.6447704, 49.937144 ], [ 4.6447633, 49.9372336 ], [ 4.6447537, 49.9372346 ], [ 4.6447549, 49.9372402 ], [ 4.6447824, 49.9372784 ], [ 4.644814, 49.937318 ], [ 4.645155, 49.9377778 ], [ 4.645122, 49.9378788 ], [ 4.6451169, 49.9378803 ], [ 4.645715, 49.9386624 ], [ 4.6458776, 49.9388744 ], [ 4.6459667, 49.9389906 ], [ 4.6463068, 49.9388529 ], [ 4.6464436, 49.9389871 ], [ 4.6465241, 49.9389541 ], [ 4.6465375, 49.9389549 ], [ 4.6465688, 49.9389499 ], [ 4.6466016, 49.9389415 ], [ 4.6466235, 49.9389345 ], [ 4.6466446, 49.9389259 ], [ 4.6466739, 49.9389108 ], [ 4.646688, 49.9389018 ], [ 4.6467104, 49.9388797 ], [ 4.6467253, 49.9388625 ], [ 4.6467628, 49.9388183 ], [ 4.6467702, 49.9388105 ], [ 4.646777, 49.9388042 ], [ 4.6467843, 49.9387984 ], [ 4.6467938, 49.9387916 ], [ 4.6468039, 49.9387854 ] ] ] ] } },
{ "type": "Feature", "properties": { "fid": 47, "FRICHE": "Oxame", "COMMUNE": "Revin", "site_id": "08363_04", "proprio_type": "F2a|Z1a", "unite_fonciere_surface": 29404, "unite_fonciere_refcad": "08363000AK0156|08363000AK0208|08363000AK0222|08363000AK0223|08363000AK0297|08363000AK0322", "idprocpte": "08363+00772|08363+00653", "geompoint": "Point (4.645198 49.936362)", "proprio_personne": "personne morale", "surf_calc": 29356, "proprio_nom": "_X_|ETABLISSEMENT PUBLIC FONCIER DE GRAND EST" }, "geometry": { "type": "MultiPolygon", "coordinates": [ [ [ [ 4.6467178, 49.935879 ], [ 4.646609, 49.9358587 ], [ 4.6464304, 49.9358704 ], [ 4.6461888, 49.9358861 ], [ 4.6461789, 49.9358374 ], [ 4.6461446, 49.9356243 ], [ 4.6448157, 49.935718 ], [ 4.6442786, 49.9357553 ], [ 4.6441705, 49.9357627 ], [ 4.644191, 49.9358691 ], [ 4.6436569, 49.9359073 ], [ 4.6436542, 49.9359768 ], [ 4.6436469, 49.9360533 ], [ 4.6436356, 49.9361725 ], [ 4.6436317, 49.9362122 ], [ 4.643628, 49.9362655 ], [ 4.643591, 49.9366603 ], [ 4.6435798, 49.9368077 ], [ 4.6435756, 49.9368499 ], [ 4.6435726, 49.9368995 ], [ 4.6436462, 49.9369021 ], [ 4.6436702, 49.9369015 ], [ 4.644172, 49.9368602 ], [ 4.6444114, 49.9368465 ], [ 4.6445279, 49.9368409 ], [ 4.6445801, 49.9368581 ], [ 4.6451353, 49.9368828 ], [ 4.6451292, 49.9369473 ], [ 4.6454411, 49.936962 ], [ 4.6456533, 49.9369522 ], [ 4.6457927, 49.9369405 ], [ 4.6460392, 49.9369226 ], [ 4.6462515, 49.9369088 ], [ 4.6462616, 49.9369884 ], [ 4.6462673, 49.9370291 ], [ 4.6464331, 49.9370198 ], [ 4.6464302, 49.9369811 ], [ 4.646588, 49.9369715 ], [ 4.646801, 49.9367914 ], [ 4.6470314, 49.9365643 ], [ 4.6467686, 49.9364592 ], [ 4.6468053, 49.9360463 ], [ 4.6468094, 49.9360069 ], [ 4.6467178, 49.935879 ] ] ] ] } },
{ "type": "Feature", "properties": { "fid": 48, "FRICHE": "Fonderie La Persévérance", "COMMUNE": "Rocroi", "site_id": "08367_01", "proprio_type": "P5a|Z1a", "unite_fonciere_surface": 17536, "unite_fonciere_refcad": "08367000AC0187|08367000AC0188|08367000AC0281|08367000AC0282|08367000ZB0151|08367000ZB0152|08367000ZB0153", "idprocpte": "08367+00012|08367+00068", "geompoint": "Point (4.526909 49.926672)", "proprio_personne": "personne morale", "surf_calc": 17586, "proprio_nom": "_X_|COMMUNE DE ROCROI" }, "geometry": { "type": "MultiPolygon", "coordinates": [ [ [ [ 4.5275424, 49.9266376 ], [ 4.527309, 49.9264716 ], [ 4.5272817, 49.9264513 ], [ 4.5275229, 49.9263706 ], [ 4.5277904, 49.9263043 ], [ 4.5281208, 49.9262172 ], [ 4.5291237, 49.925951 ], [ 4.5286951, 49.9258806 ], [ 4.5282483, 49.9258095 ], [ 4.5278786, 49.9257631 ], [ 4.5274654622, 49.9258604853 ], [ 4.5274654, 49.9258604 ], [ 4.5265503, 49.9260787 ], [ 4.5265688, 49.9261519 ], [ 4.5262997, 49.9262115 ], [ 4.5263097, 49.9262291 ], [ 4.5261323, 49.9262821 ], [ 4.5259817, 49.9262809 ], [ 4.5259262, 49.9262635 ], [ 4.5258574, 49.9263926 ], [ 4.5260272, 49.9264979 ], [ 4.5261977, 49.9266024 ], [ 4.5263635, 49.9267063 ], [ 4.5261828, 49.9268057 ], [ 4.5259021, 49.9269605 ], [ 4.5256321, 49.9271089 ], [ 4.5256667, 49.9271388 ], [ 4.5258019, 49.9272558 ], [ 4.5258536, 49.9273005 ], [ 4.5259717, 49.9274056 ], [ 4.5260585, 49.927483 ], [ 4.5261455, 49.9275589 ], [ 4.5263123, 49.9274593 ], [ 4.526718, 49.9272181 ], [ 4.5272128, 49.9269268 ], [ 4.5271464, 49.9268783 ], [ 4.5275424, 49.9266376 ] ] ] ] } },
{ "type": "Feature", "properties": { "fid": 49, "FRICHE": "Fromagerie Moreau", "COMMUNE": "Rouvroy-sur-Audry", "site_id": "08370_01", "proprio_type": "G1a", "unite_fonciere_surface": 3268, "unite_fonciere_refcad": "08370000AE0074|08370000AE0177|08370000AK0279", "idprocpte": "08370+00044", "geompoint": "Point (4.495688 49.787995)", "proprio_personne": "personne morale", "surf_calc": 3265, "proprio_nom": "SCI" }, "geometry": { "type": "MultiPolygon", "coordinates": [ [ [ [ 4.49518, 49.7882347 ], [ 4.4951758, 49.7882485 ], [ 4.4951749, 49.7882583 ], [ 4.4951846, 49.788282 ], [ 4.4952158, 49.7883118 ], [ 4.4953895, 49.7884359 ], [ 4.4955765, 49.7885696 ], [ 4.4956023, 49.7884939 ], [ 4.4957684, 49.7885162 ], [ 4.4958371, 49.7883036 ], [ 4.4961796, 49.7883491 ], [ 4.4962073, 49.7883528 ], [ 4.4962054, 49.7882771 ], [ 4.4962028, 49.7881794 ], [ 4.4961002, 49.7881815 ], [ 4.495637, 49.7881912 ], [ 4.4952193, 49.7881988 ], [ 4.49518, 49.7882347 ] ] ], [ [ [ 4.4955259, 49.7881088 ], [ 4.4955976, 49.7881059 ], [ 4.4957644, 49.7880991 ], [ 4.4959407, 49.7880921 ], [ 4.495982, 49.7880737 ], [ 4.4959983, 49.7880592 ], [ 4.4960352, 49.7880187 ], [ 4.4960514, 49.7879628 ], [ 4.4960702, 49.7878978 ], [ 4.4960626, 49.7878976 ], [ 4.4960645, 49.7878262 ], [ 4.4961294, 49.7878249 ], [ 4.4961295, 49.7878193 ], [ 4.4960342, 49.787823 ], [ 4.4957404, 49.7878347 ], [ 4.4955738, 49.7878423 ], [ 4.4953788, 49.7878514 ], [ 4.495357, 49.7878463 ], [ 4.4953542, 49.7878556 ], [ 4.495333, 49.7879246 ], [ 4.4953275, 49.787943 ], [ 4.4953438, 49.7881163 ], [ 4.4953511, 49.788116 ], [ 4.4955259, 49.7881088 ] ] ] ] } },
{ "type": "Feature", "properties": { "fid": 51, "FRICHE": "Manufacture de tapis Le Point de Sedan", "COMMUNE": "Sedan", "site_id": "08409_04", "proprio_type": "P5a", "unite_fonciere_surface": 2627, "unite_fonciere_refcad": "08409000BK0271|08409000BK0283", "idprocpte": "08409+01292", "geompoint": "Point (4.934909 49.707042)", "proprio_personne": "personne morale", "surf_calc": 2618, "proprio_nom": "COMMUNE DE SEDAN" }, "geometry": { "type": "MultiPolygon", "coordinates": [ [ [ [ 4.9347020026, 49.7067314571 ], [ 4.9346758019, 49.7067752855 ], [ 4.9346681694, 49.7067861007 ], [ 4.9346643591, 49.7067915541 ], [ 4.9346039129, 49.7068901242 ], [ 4.9345636689, 49.7069619486 ], [ 4.9345512114, 49.7070028622 ], [ 4.934548528, 49.7070381413 ], [ 4.934559808, 49.7070798424 ], [ 4.9345733029, 49.7071033563 ], [ 4.9346025732, 49.7071332741 ], [ 4.9346876637, 49.7071919597 ], [ 4.9349475983, 49.707373432 ], [ 4.9350875604, 49.7072887838 ], [ 4.9353767496, 49.7071149446 ], [ 4.9352996805, 49.7070779727 ], [ 4.935270829, 49.7070589257 ], [ 4.9352561014, 49.707047026 ], [ 4.9352831933, 49.707023045 ], [ 4.9353349406, 49.7069768366 ], [ 4.9353553752, 49.7069564667 ], [ 4.9352480351, 49.706910625 ], [ 4.9350433223, 49.7068258904 ], [ 4.9350319062, 49.706820857 ], [ 4.934850982, 49.70674221 ], [ 4.9348047074, 49.7067279373 ], [ 4.9347196015, 49.7067020564 ], [ 4.9347020026, 49.7067314571 ] ] ] ] } },
{ "type": "Feature", "properties": { "fid": 52, "FRICHE": "Garage Renault", "COMMUNE": "Sedan", "site_id": "08409_05", "proprio_type": "P5a", "unite_fonciere_surface": 4370, "unite_fonciere_refcad": "08409000AP0092|08409000AP0674|08409000AP0783", "idprocpte": "08409+01292", "geompoint": "Point (4.947569 49.698025)", "proprio_personne": "personne morale", "surf_calc": 4391, "proprio_nom": "COMMUNE DE SEDAN" }, "geometry": { "type": "MultiPolygon", "coordinates": [ [ [ [ 4.9480603, 49.6981624 ], [ 4.9480282, 49.6982331 ], [ 4.9479868, 49.6983251 ], [ 4.9481847, 49.6983627 ], [ 4.9482746, 49.6983801 ], [ 4.9483032, 49.698244 ], [ 4.9486595, 49.6982749 ], [ 4.9486888, 49.6981376 ], [ 4.9487292489, 49.6979472905 ], [ 4.9484595991, 49.6979217688 ], [ 4.9482676981, 49.6979039866 ], [ 4.9481947242, 49.6978980577 ], [ 4.9481983934, 49.697885234 ], [ 4.9479585724, 49.6978390968 ], [ 4.9480135694, 49.6977147198 ], [ 4.9479782502, 49.6977079185 ], [ 4.947857523, 49.6976852214 ], [ 4.9478143011, 49.697769233 ], [ 4.9475829041, 49.697722243 ], [ 4.9475038771, 49.6978994931 ], [ 4.9473827069, 49.6978760854 ], [ 4.9472630999, 49.6978535532 ], [ 4.9472565326, 49.6978666928 ], [ 4.9472146968, 49.6979618236 ], [ 4.9472840606, 49.6979749187 ], [ 4.9472490829, 49.6980534053 ], [ 4.9471956088, 49.6981741604 ], [ 4.9473262826, 49.6981997513 ], [ 4.9477614841, 49.6982823091 ], [ 4.9478156603, 49.6981619038 ], [ 4.947860743, 49.6980612309 ], [ 4.9478970743, 49.6979781385 ], [ 4.9479080279, 49.6979528864 ], [ 4.9481354276, 49.6979931124 ], [ 4.9480960566, 49.6980837118 ], [ 4.9480960932, 49.698083715 ], [ 4.9480603, 49.6981624 ] ] ] ] } },
{ "type": "Feature", "properties": { "fid": 54, "FRICHE": "Les Hauts Fourneaux de la Chiers, Usinor", "COMMUNE": "Vireux-Molhain", "site_id": "08486_02", "proprio_type": "P5a|Z2b", "unite_fonciere_surface": 46099, "unite_fonciere_refcad": "08486000AC0008|08486000AC0413|08486000AC0415|08486000AC0458|08486000AC0476|08486000AC0477", "idprocpte": "08486+00225|08486+00280", "geompoint": "Point (4.722373 50.088586)", "proprio_personne": "personne morale", "surf_calc": 45922, "proprio_nom": "_X_|COMMUNE DE VIREUX MOLHAIN" }, "geometry": { "type": "MultiPolygon", "coordinates": [ [ [ [ 4.7244841, 50.0878781 ], [ 4.724416, 50.0878129 ], [ 4.724238, 50.0876458 ], [ 4.7240852, 50.0875049 ], [ 4.724079, 50.0874993 ], [ 4.7240559, 50.0874757 ], [ 4.7240039, 50.0874787 ], [ 4.7239933, 50.0874795 ], [ 4.7231567, 50.0875501 ], [ 4.7230391, 50.0875574 ], [ 4.7228475, 50.087552 ], [ 4.7228479, 50.0875663 ], [ 4.7226628, 50.0875766 ], [ 4.7226344, 50.0875788 ], [ 4.7223372, 50.0876372 ], [ 4.7220657, 50.0877051 ], [ 4.7217756, 50.0877777 ], [ 4.7217723, 50.0877716 ], [ 4.721529, 50.0878284 ], [ 4.7212404, 50.0878629 ], [ 4.7209808, 50.0878951 ], [ 4.7208301, 50.0879108 ], [ 4.7205048, 50.0879462 ], [ 4.7205102, 50.0879787 ], [ 4.7205243, 50.0880639 ], [ 4.720531, 50.0880638 ], [ 4.7205389, 50.0881046 ], [ 4.7205468, 50.0881514 ], [ 4.7205478, 50.0881577 ], [ 4.7207015, 50.0881908 ], [ 4.7207446, 50.0882061 ], [ 4.7207746, 50.0882206 ], [ 4.7207998, 50.0882389 ], [ 4.7208198, 50.0882596 ], [ 4.7208309, 50.0882911 ], [ 4.7209063, 50.0884976 ], [ 4.7209096, 50.0885178 ], [ 4.7209082, 50.0885374 ], [ 4.7209019, 50.0885602 ], [ 4.7208918, 50.0885772 ], [ 4.7208738, 50.0885976 ], [ 4.7208471, 50.0886168 ], [ 4.7208241, 50.0886298 ], [ 4.7207953, 50.0886435 ], [ 4.7207436, 50.0886605 ], [ 4.7205254, 50.0886993 ], [ 4.7203949, 50.0887221 ], [ 4.7204237, 50.0887649 ], [ 4.7204733, 50.0888461 ], [ 4.720483, 50.0889609 ], [ 4.7204781, 50.0890062 ], [ 4.7204739, 50.0890349 ], [ 4.7204655, 50.0890594 ], [ 4.7204559, 50.0890795 ], [ 4.7204163, 50.089173 ], [ 4.720386, 50.0892494 ], [ 4.7203793, 50.0892751 ], [ 4.7203811, 50.0892955 ], [ 4.7203838, 50.0893091 ], [ 4.7203912, 50.0893215 ], [ 4.7204034, 50.0893341 ], [ 4.7204205, 50.0893444 ], [ 4.7205693, 50.0893994 ], [ 4.7208864, 50.0895162 ], [ 4.7211768, 50.0896079 ], [ 4.7213462, 50.0896586 ], [ 4.7214478, 50.0896693 ], [ 4.7215152, 50.0896519 ], [ 4.7218363, 50.0895645 ], [ 4.7221164, 50.0894884 ], [ 4.7223349, 50.0894195 ], [ 4.7223995, 50.089397 ], [ 4.7224882, 50.0893622 ], [ 4.7225558, 50.089328 ], [ 4.7227675, 50.0892053 ], [ 4.7229171, 50.0891179 ], [ 4.7230806, 50.0890228 ], [ 4.7232409, 50.0889293 ], [ 4.72359, 50.0887248 ], [ 4.7238019, 50.0886033 ], [ 4.7240571, 50.0884866 ], [ 4.7240777, 50.0884609 ], [ 4.724466, 50.0882669 ], [ 4.7245044, 50.0882127 ], [ 4.7246145, 50.088063 ], [ 4.7245686, 50.0879651 ], [ 4.7245659, 50.087969 ], [ 4.7245075, 50.0878986 ], [ 4.7244841, 50.0878781 ] ] ] ] } },
{ "type": "Feature", "properties": { "fid": 55, "FRICHE": "Minoterie Saint-Paul et silos Vivescia", "COMMUNE": "Vouziers", "site_id": "08490_02", "proprio_type": "P1b R4c|A1f", "unite_fonciere_surface": 33746, "unite_fonciere_refcad": "08490000AE0195|08490000AE0214", "idprocpte": "08490+00220|08490+00420", "geompoint": "Point (4.704869 49.403073)", "proprio_personne": "personne morale", "surf_calc": 33697, "proprio_nom": "_X_|ETAT|MINISTERE DE L EQUIPEMENT DU LOGEMENT DE L AMENAGEMENT DU" }, "geometry": { "type": "MultiPolygon", "coordinates": [ [ [ [ 4.7051017, 49.4021976 ], [ 4.7052227, 49.4019747 ], [ 4.7053133, 49.4018078 ], [ 4.7052245, 49.4017871 ], [ 4.7051501, 49.4017698 ], [ 4.7046297, 49.4016485 ], [ 4.7045539, 49.4016307 ], [ 4.7041432, 49.4026065 ], [ 4.7041194, 49.4026633 ], [ 4.7040696, 49.4027518 ], [ 4.7040029, 49.4029364 ], [ 4.703904, 49.4031765 ], [ 4.703901, 49.4032753 ], [ 4.7038792, 49.4033806 ], [ 4.7038932, 49.4035172 ], [ 4.7039075, 49.4035414 ], [ 4.7039277, 49.4035565 ], [ 4.7042202, 49.4037419 ], [ 4.7045121, 49.4039576 ], [ 4.7046299, 49.4040315 ], [ 4.7046953, 49.4040996 ], [ 4.7046474, 49.4041246 ], [ 4.7046616, 49.404129 ], [ 4.7047645, 49.4042109 ], [ 4.7048109, 49.404184 ], [ 4.7048971, 49.4042497 ], [ 4.7050552, 49.4043246 ], [ 4.7050958, 49.4043517 ], [ 4.7052252, 49.4045598 ], [ 4.7065828, 49.4045353 ], [ 4.7062928, 49.4035995 ], [ 4.7061629, 49.4031413 ], [ 4.7061528, 49.4030954 ], [ 4.70544, 49.4030246 ], [ 4.7054276, 49.4027957 ], [ 4.7052319, 49.4027759 ], [ 4.7051731, 49.40277 ], [ 4.7048157, 49.4027339 ], [ 4.7050557, 49.402282 ], [ 4.7051017, 49.4021976 ] ] ] ] } },
{ "type": "Feature", "properties": { "fid": 56, "FRICHE": "SIETAM", "COMMUNE": "Vouziers", "site_id": "08490_03", "proprio_type": "R5a|P4a|G1a|M1a|Z2c", "unite_fonciere_surface": 18133, "unite_fonciere_refcad": "08490000AI0050|08490000AI0100|08490000AI0215|08490000AI0219|08490000AI0233|08490000AI0235|08490000AI0237|08490000AI0243|08490000AI0244|08490000AI0245|08490000AI0246|08490000AI0247|08490000AI0248", "idprocpte": "08490+00535|08490+00452|08490+00454|08490+00711|08490+00738|08490+00690|08490+00760", "geompoint": "Point (4.702459 49.392817)", "proprio_personne": "personne morale", "surf_calc": 18164, "proprio_nom": "_X_|COMMUNAUTE COMMUNES ARGONNE ARDENNAISE|EDF GDF SERVICES ARDENNES|ELECTRICITE DE FRANCE|ENEDIS|SCI" }, "geometry": { "type": "MultiPolygon", "coordinates": [ [ [ [ 4.7029803, 49.3938129 ], [ 4.7029854, 49.3938162 ], [ 4.7030126, 49.3937988 ], [ 4.7030896, 49.3937496 ], [ 4.7030487, 49.3935872 ], [ 4.7030763, 49.3934088 ], [ 4.7031142, 49.3933332 ], [ 4.7032166, 49.3931805 ], [ 4.7032221, 49.3931723 ], [ 4.7033001, 49.3931062 ], [ 4.7033359, 49.393006 ], [ 4.7033584, 49.3929196 ], [ 4.703367, 49.3928444 ], [ 4.703367, 49.3926853 ], [ 4.7033841, 49.3926489 ], [ 4.7033667, 49.3926142 ], [ 4.7033868, 49.392552 ], [ 4.7034219, 49.3924595 ], [ 4.7034471, 49.3924081 ], [ 4.703573, 49.3922344 ], [ 4.7029382, 49.3920221 ], [ 4.7028677, 49.391998 ], [ 4.7024633, 49.3918601 ], [ 4.7023364, 49.3918169 ], [ 4.702133, 49.3920642 ], [ 4.7020026, 49.3922227 ], [ 4.7016954, 49.3925961 ], [ 4.7015357, 49.3927904 ], [ 4.7015711, 49.3928828 ], [ 4.7017065, 49.3929721 ], [ 4.701824, 49.3930511 ], [ 4.7019345, 49.3931252 ], [ 4.7020228, 49.3931844 ], [ 4.7021762, 49.3932872 ], [ 4.7023911, 49.3934303 ], [ 4.7025872, 49.3935576 ], [ 4.7026152, 49.3935759 ], [ 4.7029379, 49.3937853 ], [ 4.702956, 49.393797 ], [ 4.7029803, 49.3938129 ] ] ] ] } },
{ "type": "Feature", "properties": { "fid": 57, "FRICHE": "Galeries Carnot", "COMMUNE": "Vouziers", "site_id": "08490_05", "proprio_type": "G1a", "unite_fonciere_surface": 748, "unite_fonciere_refcad": "08490000AH0016", "idprocpte": "08490+00714", "geompoint": "Point (4.700276 49.397291)", "proprio_personne": "personne morale", "surf_calc": 753, "proprio_nom": "SCI" }, "geometry": { "type": "MultiPolygon", "coordinates": [ [ [ [ 4.7003560653, 49.397177175 ], [ 4.7002910864, 49.3970156283 ], [ 4.7002877848, 49.3970074969 ], [ 4.7002733542, 49.3969709268 ], [ 4.7001777578, 49.3969833288 ], [ 4.7001912869, 49.3970218859 ], [ 4.7001105997, 49.3970355185 ], [ 4.7001587701, 49.3971718567 ], [ 4.7001704752, 49.3972052285 ], [ 4.7001763786, 49.3972213285 ], [ 4.7002344184, 49.3973854865 ], [ 4.7002625173, 49.3975524928 ], [ 4.7004486553, 49.3975495203 ], [ 4.7004232938, 49.3974822647 ], [ 4.700377527, 49.3973601878 ], [ 4.7003109658, 49.3971840124 ], [ 4.7003560653, 49.397177175 ] ] ] ] } },
{ "type": "Feature", "properties": { "fid": 58, "FRICHE": "Gare de Vouziers", "COMMUNE": "Vouziers", "site_id": "08490_04", "proprio_type": "Z2b", "unite_fonciere_surface": 1633, "unite_fonciere_refcad": "08490000AI0220", "idprocpte": "08490+00722", "geompoint": "Point (4.705579 49.389645)", "proprio_personne": "personne morale", "surf_calc": 1658, "proprio_nom": "_X_" }, "geometry": { "type": "MultiPolygon", "coordinates": [ [ [ [ 4.7053701986, 49.3899364498 ], [ 4.705660078, 49.3899641888 ], [ 4.7058068456, 49.3892551893 ], [ 4.7055909947, 49.3892251499 ], [ 4.7055708004, 49.3893223496 ], [ 4.7053977992, 49.3893053695 ], [ 4.7053951664, 49.3893174576 ], [ 4.7054040253, 49.3893269508 ], [ 4.7054096512, 49.3893306475 ], [ 4.7054667205, 49.389336138 ], [ 4.7054807883, 49.3893409726 ], [ 4.7054885737, 49.3893472443 ], [ 4.7054944079, 49.3893572333 ], [ 4.7053701986, 49.3899364498 ] ] ] ] } },
{ "type": "Feature", "properties": { "fid": 61, "FRICHE": "Manestampe Forges St-Charles", "COMMUNE": "Charleville-Mézières", "site_id": "08105_06", "proprio_type": "P5a", "unite_fonciere_surface": 27664, "unite_fonciere_refcad": "08105000AP0084|08105000AP0085|08105000AP0088|08105000AP0089|08105000AP0095|08105000AP0096|08105000AP0184", "idprocpte": "08105+03773", "geompoint": "Point (4.730943 49.770211)", "proprio_personne": "personne morale", "surf_calc": 27746, "proprio_nom": "COMMUNE DE CHARLEVILLE-MEZIERES" }, "geometry": { "type": "MultiPolygon", "coordinates": [ [ [ [ 4.7314472264, 49.7710657559 ], [ 4.7315489774, 49.7710425644 ], [ 4.7321717875, 49.7709009797 ], [ 4.7325496245, 49.7708150904 ], [ 4.7324607966, 49.7706464113 ], [ 4.7323979115, 49.770526884 ], [ 4.7323839801, 49.7705007472 ], [ 4.7322935241, 49.7703289474 ], [ 4.7322066202, 49.7701639288 ], [ 4.7321303963, 49.7700192482 ], [ 4.732381567, 49.7699707414 ], [ 4.7321848941, 49.7695021832 ], [ 4.7324529366, 49.7694234241 ], [ 4.7325622989, 49.7693913129 ], [ 4.7325926568, 49.7693823458 ], [ 4.732438139, 49.7692036379 ], [ 4.7324075014, 49.7692127007 ], [ 4.7323371726, 49.7692336508 ], [ 4.7321300185, 49.7692953683 ], [ 4.732096507, 49.7693053668 ], [ 4.7320522703, 49.7693184889 ], [ 4.7310380863, 49.769620654 ], [ 4.7308861362, 49.7696652257 ], [ 4.7302846294, 49.7698413724 ], [ 4.7302251371, 49.7698588406 ], [ 4.7297871297, 49.7699870955 ], [ 4.7298159573, 49.7700271269 ], [ 4.7295893337, 49.7700957699 ], [ 4.7296149098, 49.7701300025 ], [ 4.7296084108, 49.7701347696 ], [ 4.7296824336, 49.770259624 ], [ 4.7296872453, 49.7702583856 ], [ 4.7297779962, 49.7704061883 ], [ 4.7297957589, 49.7704348755 ], [ 4.7298169152, 49.7704696237 ], [ 4.7298367224, 49.7704644897 ], [ 4.7298920231, 49.7705529435 ], [ 4.7299552579, 49.7705353308 ], [ 4.7299874256, 49.7705264249 ], [ 4.7300542269, 49.770507683 ], [ 4.730112376, 49.770491582 ], [ 4.7301360212, 49.7705302472 ], [ 4.7301551266, 49.7705617029 ], [ 4.7301633493, 49.7705751526 ], [ 4.7301980286, 49.7706323555 ], [ 4.7301899187, 49.7706345411 ], [ 4.7302442154, 49.770721839 ], [ 4.7301575761, 49.7707448149 ], [ 4.7301226381, 49.7707540297 ], [ 4.7298415402, 49.7708283854 ], [ 4.7298012357, 49.7708389326 ], [ 4.7298841553, 49.7709766931 ], [ 4.7298932731, 49.7709917477 ], [ 4.7303584159, 49.770877844 ], [ 4.7303818297, 49.7708643928 ], [ 4.7303802495, 49.7708506654 ], [ 4.7306010694, 49.7707866004 ], [ 4.7306992553, 49.7709325876 ], [ 4.7307275754, 49.7709740656 ], [ 4.7307369135, 49.7709875049 ], [ 4.7306818934, 49.7710018524 ], [ 4.7306301655, 49.7710150802 ], [ 4.7306667944, 49.7710681195 ], [ 4.7307088261, 49.7711292618 ], [ 4.7307712633, 49.7712194149 ], [ 4.7308788056, 49.77119488 ], [ 4.730961699, 49.7711760871 ], [ 4.7312559623, 49.7711091825 ], [ 4.7314472264, 49.7710657559 ] ] ] ] } },
{ "type": "Feature", "properties": { "fid": 62, "FRICHE": "Fonderie de la Société des Aciéries de Charleville", "COMMUNE": "Charleville-Mézières", "site_id": "08105_07", "proprio_type": "X1a", "unite_fonciere_surface": 4592, "unite_fonciere_refcad": "08105000AP0201", "idprocpte": "08105C03706", "geompoint": "Point (4.731293 49.769408)", "proprio_personne": "personne physique", "surf_calc": 4623, "proprio_nom": "_X_" }, "geometry": { "type": "MultiPolygon", "coordinates": [ [ [ [ 4.7301999941, 49.7696117933 ], [ 4.7302726053, 49.7697074585 ], [ 4.7302353981, 49.7697192184 ], [ 4.730230321, 49.7697207301 ], [ 4.7302162332, 49.7697472595 ], [ 4.7302657066, 49.7698153061 ], [ 4.7302846294, 49.7698413724 ], [ 4.7308861362, 49.7696652257 ], [ 4.7310380863, 49.769620654 ], [ 4.7320522703, 49.7693184889 ], [ 4.732096507, 49.7693053668 ], [ 4.7321300185, 49.7692953683 ], [ 4.7323371726, 49.7692336508 ], [ 4.7324075014, 49.7692127007 ], [ 4.7321896078, 49.7689736015 ], [ 4.7321061662, 49.7690006692 ], [ 4.7320964205, 49.7690039512 ], [ 4.7319412011, 49.7690544158 ], [ 4.7319119653, 49.7690638198 ], [ 4.7318673666, 49.7690782949 ], [ 4.7312908158, 49.7692658577 ], [ 4.731165244, 49.7693068253 ], [ 4.7311137749, 49.7693234629 ], [ 4.7308764797, 49.7694006123 ], [ 4.7308722721, 49.769395102 ], [ 4.7307685106, 49.7694286582 ], [ 4.7301999941, 49.7696117933 ] ] ] ] } },
{ "type": "Feature", "properties": { "fid": 64, "FRICHE": "Panification industrielle Claude Chrétien (PICC)", "COMMUNE": "Charleville-Mézières", "site_id": "08105_09", "proprio_type": "G1a", "unite_fonciere_surface": 1117, "unite_fonciere_refcad": "08105000AP0272|08105000AP0273", "idprocpte": "08105+05021|08105+03213", "geompoint": "Point (4.729207 49.77066)", "proprio_personne": "personne morale", "surf_calc": 1117, "proprio_nom": "SCI" }, "geometry": { "type": "MultiPolygon", "coordinates": [ [ [ [ 4.7294734663, 49.7705099066 ], [ 4.729460563, 49.7704895081 ], [ 4.7290370591, 49.7706160285 ], [ 4.7289922772, 49.770629335 ], [ 4.7289277101, 49.7706486754 ], [ 4.72890875, 49.7706542447 ], [ 4.7288007784, 49.7706865108 ], [ 4.7288880244, 49.7707634583 ], [ 4.7289496741, 49.7708181221 ], [ 4.7289781419, 49.7708433306 ], [ 4.7290586817, 49.7708164842 ], [ 4.7290654105, 49.7708143236 ], [ 4.729089969, 49.7708061568 ], [ 4.7291223561, 49.7707953608 ], [ 4.7291533605, 49.7707850374 ], [ 4.7291857507, 49.770774333 ], [ 4.7292205985, 49.7707626933 ], [ 4.729257647, 49.7707503969 ], [ 4.7292905803, 49.7707395069 ], [ 4.729324882, 49.7707279665 ], [ 4.7293539685, 49.7707182957 ], [ 4.7293576736, 49.7707170731 ], [ 4.7293890963, 49.7707065657 ], [ 4.7294217465, 49.7706956743 ], [ 4.7294563258, 49.7706842216 ], [ 4.7294882997, 49.7706735231 ], [ 4.729522879, 49.7706620704 ], [ 4.7295606058, 49.770649403 ], [ 4.7296399119, 49.7706230213 ], [ 4.7295595222, 49.7704819949 ], [ 4.7294734663, 49.7705099066 ] ] ] ] } },
{ "type": "Feature", "properties": { "fid": 65, "FRICHE": "Société technique construction rurale", "COMMUNE": "Charleville-Mézières", "site_id": "08105_10", "proprio_type": "G2a", "unite_fonciere_surface": 1027, "unite_fonciere_refcad": "08105000AP0121", "idprocpte": "08105*00918", "geompoint": "Point (4.728404 49.769456)", "proprio_personne": "personne morale", "surf_calc": 1032, "proprio_nom": "COPROPRIETE" }, "geometry": { "type": "MultiPolygon", "coordinates": [ [ [ [ 4.7281126954, 49.7694221234 ], [ 4.728093624, 49.7695968271 ], [ 4.7282093442, 49.7695598685 ], [ 4.7282629393, 49.7696307314 ], [ 4.7282700757, 49.769628565 ], [ 4.7283072924, 49.7696170753 ], [ 4.7283370957, 49.7696079338 ], [ 4.7284822523, 49.7695635479 ], [ 4.7285803093, 49.7695335794 ], [ 4.7287273914, 49.769488535 ], [ 4.7285671959, 49.7692769251 ], [ 4.7282693162, 49.7693720915 ], [ 4.7281877773, 49.7693981427 ], [ 4.7281126954, 49.7694221234 ] ] ] ] } },
{ "type": "Feature", "properties": { "fid": 67, "FRICHE": "Société Desmarais Frères puis Total", "COMMUNE": "Charleville-Mézières", "site_id": "08105_11", "proprio_type": "G1a", "unite_fonciere_surface": 14224, "unite_fonciere_refcad": "08105000BK0249|08105000BK0432|08105000BK0434|08105000BK0437", "idprocpte": "08105+02883", "geompoint": "Point (4.740591 49.771532)", "proprio_personne": "personne morale", "surf_calc": 14299, "proprio_nom": "SCI" }, "geometry": { "type": "MultiPolygon", "coordinates": [ [ [ [ 4.7412423864, 49.7708202793 ], [ 4.7413076216, 49.770788165 ], [ 4.7412342727, 49.770745084 ], [ 4.7408020757, 49.7709903954 ], [ 4.7399948583, 49.7714372437 ], [ 4.7395907969, 49.7716533875 ], [ 4.7392737178, 49.7717877745 ], [ 4.7386507442, 49.77202618 ], [ 4.7386286363, 49.7720371015 ], [ 4.7386582787, 49.7720680443 ], [ 4.739784102, 49.77234297 ], [ 4.7398753708, 49.7723256745 ], [ 4.739991599, 49.7723037037 ], [ 4.7400384352, 49.772322177 ], [ 4.7402354255, 49.7722349792 ], [ 4.7404157004, 49.7721623087 ], [ 4.7409584396, 49.7719436373 ], [ 4.741074588, 49.7717523609 ], [ 4.7411222815, 49.7716737643 ], [ 4.741288334, 49.7717008656 ], [ 4.7413166849, 49.7716451919 ], [ 4.7413738656, 49.7716576773 ], [ 4.7414008525, 49.771643364 ], [ 4.7414118067, 49.7716188516 ], [ 4.7413990017, 49.7716012407 ], [ 4.7413442526, 49.771590969 ], [ 4.7414247942, 49.7714501638 ], [ 4.7409827627, 49.7713701129 ], [ 4.7410216814, 49.7712580328 ], [ 4.7411761049, 49.7709519838 ], [ 4.7411894996, 49.7709255493 ], [ 4.7412423864, 49.7708202793 ] ] ] ] } },
{ "type": "Feature", "properties": { "fid": 68, "FRICHE": "La Macérienne", "COMMUNE": "Charleville-Mézières", "site_id": "08105_13", "proprio_type": "P4a", "unite_fonciere_surface": 47810, "unite_fonciere_refcad": "08105000CE0014|08105000CE0017|08105000CE0018|08105000CE0416|08105000CE0591|08105000CE0593|08105000CE0596", "idprocpte": "08105+04790", "geompoint": "Point (4.712182 49.763541)", "proprio_personne": "personne morale", "surf_calc": 50756, "proprio_nom": "COMMUNAUTE AGGLO ARDENNE METROPOLE" }, "geometry": { "type": "MultiPolygon", "coordinates": [ [ [ [ 4.711021494, 49.7630683735 ], [ 4.7111932668, 49.7632883008 ], [ 4.7111538337, 49.7633011965 ], [ 4.7109038, 49.7633829 ], [ 4.7104883, 49.7635192 ], [ 4.7104206, 49.7636119 ], [ 4.7111776, 49.7645818 ], [ 4.7111934, 49.764602 ], [ 4.7123683979, 49.7647766848 ], [ 4.7123683979, 49.7647766848 ], [ 4.7123685292, 49.764776723 ], [ 4.7124809104, 49.7647399632 ], [ 4.7125218, 49.7647266 ], [ 4.712572, 49.7647929 ], [ 4.7144227, 49.7641875 ], [ 4.7143728, 49.7641223 ], [ 4.7142566, 49.7641603 ], [ 4.7140374, 49.7638726 ], [ 4.7141534, 49.7638354 ], [ 4.7140902, 49.7637527 ], [ 4.7140348, 49.7636802 ], [ 4.713827901, 49.7634099013 ], [ 4.7138279153, 49.7634098957 ], [ 4.7135030422, 49.7629848978 ], [ 4.7136685128, 49.7629547104 ], [ 4.7137398931, 49.7629378598 ], [ 4.7139288, 49.7628933 ], [ 4.7142012, 49.7627905 ], [ 4.7145869881, 49.7626680409 ], [ 4.7145869881, 49.7626680409 ], [ 4.7149976231, 49.7625377181 ], [ 4.7149874814, 49.7625240959 ], [ 4.7149198, 49.7624331 ], [ 4.7148476447, 49.7624591928 ], [ 4.7148476447, 49.7624591928 ], [ 4.7146900182, 49.7625161641 ], [ 4.714680542, 49.7624651643 ], [ 4.714429862, 49.7625475567 ], [ 4.7144298619, 49.7625475567 ], [ 4.7141421, 49.7626421 ], [ 4.7140525, 49.7626716 ], [ 4.713894, 49.7627238 ], [ 4.7135984, 49.7628213 ], [ 4.7135925, 49.7628197 ], [ 4.7135918378, 49.7628195896 ], [ 4.7135907264, 49.7628193843 ], [ 4.7136309211, 49.7624414648 ], [ 4.7136326338, 49.7624262512 ], [ 4.7136424298, 49.7623335475 ], [ 4.7136457318, 49.7623022723 ], [ 4.7136475, 49.7622857 ], [ 4.7136474814, 49.762285701 ], [ 4.7136474847, 49.7622856702 ], [ 4.7136004883, 49.7622881654 ], [ 4.7135922, 49.7622886 ], [ 4.7134976, 49.7622955 ], [ 4.713307, 49.7623092 ], [ 4.7131758, 49.7623189 ], [ 4.7129347, 49.7623364 ], [ 4.712869, 49.7623411 ], [ 4.712817222, 49.7623448929 ], [ 4.7127788715, 49.7623476652 ], [ 4.7126054547, 49.7623602554 ], [ 4.7123251685, 49.7623805483 ], [ 4.712222, 49.762388 ], [ 4.7122220032, 49.7623880174 ], [ 4.712221957, 49.7623880207 ], [ 4.7122769051, 49.7626904558 ], [ 4.7122858036, 49.7627394749 ], [ 4.7122909991, 49.7627680952 ], [ 4.712157793, 49.7627919805 ], [ 4.7119440258, 49.7628301235 ], [ 4.7119450593, 49.7628361319 ], [ 4.7117513528, 49.7628392085 ], [ 4.7117572711, 49.7628668083 ], [ 4.7115892975, 49.7628968449 ], [ 4.7115562031, 49.7629028797 ], [ 4.7113540344, 49.7629391494 ], [ 4.7113017747, 49.7629546984 ], [ 4.7112583, 49.7629676 ], [ 4.7112081217, 49.7629843261 ], [ 4.7112081217, 49.7629843261 ], [ 4.7111970948, 49.7629879945 ], [ 4.7111706172, 49.7629969935 ], [ 4.7111677905, 49.7629979348 ], [ 4.711008, 49.7630511 ], [ 4.711021494, 49.7630683735 ] ] ] ] } },
{ "type": "Feature", "properties": { "fid": 69, "FRICHE": "Centrale électrique tréfilerie Lefort", "COMMUNE": "Charleville-Mézières", "site_id": "08105_14", "proprio_type": "G1c", "unite_fonciere_surface": 2575, "unite_fonciere_refcad": "08105000CY0558|08105000CY0559|08105000CY0561|08105000CY0599", "idprocpte": "08105+05203", "geompoint": "Point (4.730027 49.740982)", "proprio_personne": "personne morale", "surf_calc": 2592, "proprio_nom": "SCI" }, "geometry": { "type": "MultiPolygon", "coordinates": [ [ [ [ 4.7303677, 49.7412281 ], [ 4.7304549, 49.7412722 ], [ 4.7305723, 49.7409102 ], [ 4.7304229, 49.7408904 ], [ 4.7302712809, 49.7408697804 ], [ 4.7302126268, 49.740861787 ], [ 4.7298572255, 49.7408133049 ], [ 4.7295736, 49.7407746 ], [ 4.7295735958, 49.7407746127 ], [ 4.7295735742, 49.7407746098 ], [ 4.7295479195, 49.7408521606 ], [ 4.7294696, 49.7410887 ], [ 4.7294696656, 49.7410887094 ], [ 4.7294696524, 49.7410887494 ], [ 4.7296248298, 49.7411097927 ], [ 4.7298362, 49.7411385 ], [ 4.7299929072, 49.7411597185 ], [ 4.7301102215, 49.7411756359 ], [ 4.7301585618, 49.7411822313 ], [ 4.7301824, 49.7411855 ], [ 4.7301823664, 49.7411854792 ], [ 4.7301823861, 49.7411854818 ], [ 4.7301197805, 49.74114656 ], [ 4.7300519259, 49.7411044773 ], [ 4.7300534757, 49.7410958334 ], [ 4.7300551, 49.7410869 ], [ 4.7300362573, 49.7410800201 ], [ 4.730018428, 49.7410734946 ], [ 4.7300239723, 49.7410560144 ], [ 4.7300270881, 49.7410462372 ], [ 4.7300674834, 49.7410601262 ], [ 4.7300674665, 49.7410650604 ], [ 4.7300674, 49.7410749 ], [ 4.7300962277, 49.7410918522 ], [ 4.7301309627, 49.7411123383 ], [ 4.7302467396, 49.741181035 ], [ 4.7302551, 49.741186 ], [ 4.7302666355, 49.7411902964 ], [ 4.7302942606, 49.7412006089 ], [ 4.7302943598, 49.7412006224 ], [ 4.7303677, 49.7412281 ] ] ] ] } },
{ "type": "Feature", "properties": { "fid": 70, "FRICHE": "Usine des Ateliers d’estampage de la Vence", "COMMUNE": "Charleville-Mézières", "site_id": "08105_16", "proprio_type": "P5a", "unite_fonciere_surface": 4677, "unite_fonciere_refcad": "08105000CY0363|08105000CY0369", "idprocpte": "08105+01422", "geompoint": "Point (4.734548 49.742472)", "proprio_personne": "personne morale", "surf_calc": 4717, "proprio_nom": "COMMUNE DE VILLERS SEMEUSE" }, "geometry": { "type": "MultiPolygon", "coordinates": [ [ [ [ 4.7342092378, 49.7428656996 ], [ 4.7343778534, 49.7428119812 ], [ 4.7343824987, 49.7428179382 ], [ 4.7344700091, 49.7427894616 ], [ 4.7344661399, 49.7427816062 ], [ 4.7351688503, 49.7425572579 ], [ 4.7352032417, 49.742540861 ], [ 4.7351403921, 49.7423437743 ], [ 4.7351121331, 49.7422546655 ], [ 4.7350469429, 49.7420498796 ], [ 4.7338803898, 49.7424309122 ], [ 4.7339563244, 49.7425312974 ], [ 4.7340151236, 49.7426090039 ], [ 4.734054614, 49.7426612859 ], [ 4.7342092378, 49.7428656996 ] ] ] ] } },
{ "type": "Feature", "properties": { "fid": 71, "FRICHE": "Fonderie Grandry", "COMMUNE": "Charleville-Mézières", "site_id": "08105_15", "proprio_type": "F1a", "unite_fonciere_surface": 30503, "unite_fonciere_refcad": "08105000DO0102|08105000DO0103|08105000DO0188|08105000DO0198|08105000DO0199|08105000DO0200|08105000DO0224|08105000DO0225|08105000DO0226|08105000DO0239|08105000DO0241|08105000DO0259|08105000DO0269|08105000DO0308", "idprocpte": "08105+04908", "geompoint": "Point (4.714277 49.753308)", "proprio_personne": "personne morale", "surf_calc": 30423, "proprio_nom": "SA DES HABITATIONS A LOYER MODERE" }, "geometry": { "type": "MultiPolygon", "coordinates": [ [ [ [ 4.7154246, 49.7531315 ], [ 4.715791, 49.7531286 ], [ 4.7157745, 49.7529142 ], [ 4.7157687, 49.7529144 ], [ 4.7157564, 49.7527756 ], [ 4.7157446, 49.7526428 ], [ 4.7154776, 49.7526548 ], [ 4.7153504265, 49.7526604988 ], [ 4.7153503222, 49.7526573879 ], [ 4.7153502, 49.7526525 ], [ 4.7153440877, 49.7526526089 ], [ 4.7151930982, 49.7526552527 ], [ 4.7151898111, 49.7526068613 ], [ 4.7149306263, 49.7521741922 ], [ 4.7149306001, 49.7521742002 ], [ 4.7149306, 49.7521742 ], [ 4.7149295915, 49.7521745046 ], [ 4.7146673909, 49.7522536565 ], [ 4.714443303, 49.7523325818 ], [ 4.7143245, 49.7523744 ], [ 4.7137391, 49.7525789 ], [ 4.7137138007, 49.7525869804 ], [ 4.7136865484, 49.7525956587 ], [ 4.7136387375, 49.7526093639 ], [ 4.7135737337, 49.7526240174 ], [ 4.7135707, 49.7526247 ], [ 4.7135192, 49.752635 ], [ 4.7134753822, 49.7526425419 ], [ 4.7134488601, 49.752647083 ], [ 4.7134510546, 49.7526590582 ], [ 4.7134529, 49.7526693 ], [ 4.7131933, 49.7526793 ], [ 4.7131454544, 49.7527052131 ], [ 4.7131320265, 49.752712469 ], [ 4.7131320272, 49.7527124852 ], [ 4.713132, 49.7527125 ], [ 4.7131382, 49.7528441 ], [ 4.7131437, 49.7529648 ], [ 4.7131473, 49.7530435 ], [ 4.7131506121, 49.7531147433 ], [ 4.7131562252, 49.7532374544 ], [ 4.7131574, 49.7532633 ], [ 4.7131595577, 49.7533091629 ], [ 4.7131717404, 49.7535690087 ], [ 4.713173, 49.7535963 ], [ 4.7131746, 49.7536324 ], [ 4.7131776, 49.753695 ], [ 4.7131776, 49.7536972 ], [ 4.713178565, 49.7537145695 ], [ 4.7131787631, 49.7537187953 ], [ 4.7131787997, 49.7537187941 ], [ 4.7131788, 49.7537188 ], [ 4.7134859588, 49.7537091013 ], [ 4.7134878725, 49.7537396477 ], [ 4.7134895, 49.7537662 ], [ 4.7134918939, 49.7537661386 ], [ 4.7135011783, 49.753765935 ], [ 4.7135332938, 49.7537650207 ], [ 4.713544972, 49.7537647008 ], [ 4.713546451, 49.7538379143 ], [ 4.7137504878, 49.7538334274 ], [ 4.7139710004, 49.7538285251 ], [ 4.7139711548, 49.7538375311 ], [ 4.7139739662, 49.7540077721 ], [ 4.7139750037, 49.7540677936 ], [ 4.713975563, 49.7540969033 ], [ 4.7140023366, 49.7540963079 ], [ 4.7141517, 49.754093 ], [ 4.7141982292, 49.7540928876 ], [ 4.7143172067, 49.7540926367 ], [ 4.7143159924, 49.7540770629 ], [ 4.7143075, 49.7539678 ], [ 4.7143044, 49.753925 ], [ 4.714296203, 49.7538214376 ], [ 4.7145861585, 49.7538152014 ], [ 4.714586159, 49.7538152009 ], [ 4.7145862, 49.7538152 ], [ 4.7146322011, 49.7537683159 ], [ 4.7146383038, 49.7537621015 ], [ 4.7146657506, 49.7537732593 ], [ 4.7146843203, 49.7537808364 ], [ 4.714858727, 49.7538525242 ], [ 4.7148873327, 49.7538642928 ], [ 4.7149177, 49.7538768 ], [ 4.7149388795, 49.7538854939 ], [ 4.7149958605, 49.7539089211 ], [ 4.715078414, 49.7539427165 ], [ 4.7151987921, 49.7539921486 ], [ 4.7154811, 49.7541081 ], [ 4.7155090481, 49.754119586 ], [ 4.7155557782, 49.7541388332 ], [ 4.7155835476, 49.7541518024 ], [ 4.7156561, 49.7541858 ], [ 4.7156826, 49.7541981 ], [ 4.715915, 49.7543067 ], [ 4.7160683, 49.754353 ], [ 4.7161785592, 49.754386273 ], [ 4.7161981921, 49.7543922015 ], [ 4.7161981983, 49.7543921995 ], [ 4.7161982, 49.7543922 ], [ 4.716199691, 49.7543917136 ], [ 4.7162123196, 49.7543876026 ], [ 4.7162029745, 49.7543773747 ], [ 4.7161667, 49.7543376 ], [ 4.7161084641, 49.7542741819 ], [ 4.7160768322, 49.7542396953 ], [ 4.7159152782, 49.7537926702 ], [ 4.7158909, 49.7537252 ], [ 4.7158583368, 49.7536350835 ], [ 4.7158220985, 49.75353478 ], [ 4.7158157873, 49.7534526303 ], [ 4.7158041095, 49.7533004491 ], [ 4.7157426979, 49.7533020471 ], [ 4.7157406, 49.7533021 ], [ 4.7157336611, 49.7533022823 ], [ 4.715683538, 49.7533035865 ], [ 4.7156835393, 49.753303599 ], [ 4.7156835, 49.7533036 ], [ 4.7156895996, 49.7533602967 ], [ 4.7153877004, 49.7533658949 ], [ 4.7154045, 49.7531316 ], [ 4.7154246, 49.7531315 ] ] ] ] } },
{ "type": "Feature", "properties": { "fid": 72, "FRICHE": "Terrain militaire", "COMMUNE": "Daigny", "site_id": "08136_01", "proprio_type": "M1a X1a", "unite_fonciere_surface": 429721, "unite_fonciere_refcad": "08136000AD0052|08136000AD0228|08136000AD0229", "idprocpte": "08136+00039|08136+00038", "geompoint": "Point (5.004252 49.708644)", "proprio_personne": "personne morale|personne physique", "surf_calc": 429812, "proprio_nom": "_X_" }, "geometry": { "type": "MultiPolygon", "coordinates": [ [ [ [ 5.0052197328, 49.7114341981 ], [ 5.0055653979, 49.7115008605 ], [ 5.0059356313, 49.7115647766 ], [ 5.0065916818, 49.7117244721 ], [ 5.0075814709, 49.7121163956 ], [ 5.0108748999, 49.7108653593 ], [ 5.0108112895, 49.710544632 ], [ 5.0107435259, 49.7102237952 ], [ 5.010679991, 49.7097425412 ], [ 5.0106653308, 49.7096796864 ], [ 5.0105219757, 49.7091458213 ], [ 5.0104744808, 49.7090233778 ], [ 5.0104059875, 49.7088075307 ], [ 5.010261016, 49.7085746159 ], [ 5.0102484365, 49.7085155933 ], [ 5.0101915723, 49.7083345216 ], [ 5.0099161331, 49.7080899171 ], [ 5.009858549, 49.7079080481 ], [ 5.0098529893, 49.707413518 ], [ 5.0099136406, 49.7073380027 ], [ 5.0098799461, 49.7069775031 ], [ 5.0097470818, 49.7067420524 ], [ 5.0097140967, 49.7067315415 ], [ 5.0091309041, 49.7064175931 ], [ 5.0079763225, 49.7059804889 ], [ 5.0072317634, 49.7056966971 ], [ 5.0063008485, 49.705350362 ], [ 5.0060952531, 49.7052672803 ], [ 5.0058197372, 49.7051507495 ], [ 5.0056175976, 49.7050639321 ], [ 5.005122168, 49.7052521258 ], [ 5.0038312115, 49.7057448166 ], [ 5.0023424602, 49.7063155247 ], [ 5.0022761061, 49.7063411539 ], [ 5.0022075198, 49.7062599485 ], [ 5.0008927907, 49.7067450862 ], [ 4.9996673891, 49.7073247353 ], [ 4.999058778, 49.7077746137 ], [ 4.9979643528, 49.7086077163 ], [ 4.9983792558, 49.7088048489 ], [ 4.9993847795, 49.7092194998 ], [ 5.0005664236, 49.7096858945 ], [ 5.0011886886, 49.7099184387 ], [ 5.0020368421, 49.7101923819 ], [ 5.0020680324, 49.7101535795 ], [ 5.0050734471, 49.7110929946 ], [ 5.0052424333, 49.7111432395 ], [ 5.0047807088, 49.7113265601 ], [ 5.0052197328, 49.7114341981 ] ] ] ] } },
{ "type": "Feature", "properties": { "fid": 73, "FRICHE": "Entreprise Usinor", "COMMUNE": "Blagny", "site_id": "08067_01", "proprio_type": "G1a", "unite_fonciere_surface": 60096, "unite_fonciere_refcad": "08067000AB0089", "idprocpte": "08067+00123", "geompoint": "Point (5.193869 49.615629)", "proprio_personne": "personne morale", "surf_calc": 83562, "proprio_nom": "SCI" }, "geometry": { "type": "MultiPolygon", "coordinates": [ [ [ [ 5.1939228876, 49.6147879023 ], [ 5.1933966569, 49.6150338378 ], [ 5.1928803215, 49.6152751441 ], [ 5.1925933875, 49.6153948141 ], [ 5.1922671771, 49.6155499107 ], [ 5.1920574535, 49.6156819676 ], [ 5.1922349301, 49.6158070382 ], [ 5.1926753287, 49.6154363313 ], [ 5.1927428428, 49.6154705386 ], [ 5.1925597314, 49.615632535 ], [ 5.1922934538, 49.6158684775 ], [ 5.1921810369, 49.6159680866 ], [ 5.192204109, 49.6160975333 ], [ 5.1922008372, 49.6163274245 ], [ 5.1921953479, 49.6166947802 ], [ 5.1922572708, 49.6166961577 ], [ 5.1922817655, 49.6170746092 ], [ 5.1923397943, 49.6178405475 ], [ 5.1929578904, 49.6174138324 ], [ 5.1942982944, 49.6162510789 ], [ 5.1943514598, 49.6161971134 ], [ 5.1944865018, 49.6160738222 ], [ 5.1946734415, 49.6159432328 ], [ 5.1948113814, 49.6158495718 ], [ 5.1955752522, 49.6153703831 ], [ 5.1957911664, 49.6151884768 ], [ 5.1958177503, 49.6152014027 ], [ 5.1958616682, 49.6151630505 ], [ 5.1958368228, 49.6151500114 ], [ 5.1960413821, 49.6149776695 ], [ 5.1961584273, 49.6150343898 ], [ 5.1963321378, 49.6149379602 ], [ 5.1965332451, 49.6148336141 ], [ 5.1968558031, 49.6146698259 ], [ 5.1970061005, 49.614598201 ], [ 5.1971888214, 49.6145217491 ], [ 5.197361624, 49.614442296 ], [ 5.1976487685, 49.614327911 ], [ 5.1978415869, 49.6142586962 ], [ 5.1979596585, 49.6143869538 ], [ 5.1983911234, 49.6142519341 ], [ 5.1987086536, 49.6141613792 ], [ 5.1983525174, 49.6136176264 ], [ 5.1982774231, 49.6135023729 ], [ 5.1977804182, 49.6134403373 ], [ 5.1975529068, 49.6134232506 ], [ 5.1974155581, 49.6134161939 ], [ 5.1972087442, 49.6134252349 ], [ 5.1969685572, 49.6134550212 ], [ 5.1966945006, 49.6135320642 ], [ 5.1964271963, 49.6136906131 ], [ 5.1962577913, 49.6137731838 ], [ 5.1960786926, 49.6138198858 ], [ 5.1959198821, 49.6138831826 ], [ 5.1947726176, 49.6143907685 ], [ 5.1939228876, 49.6147879023 ] ] ], [ [ [ 5.1904657189, 49.6171145689 ], [ 5.189107547, 49.6179008784 ], [ 5.1890058249, 49.6180105565 ], [ 5.1889879804, 49.6180910707 ], [ 5.1891095374, 49.6181469512 ], [ 5.1899102489, 49.6183094994 ], [ 5.1911362769, 49.6178173004 ], [ 5.1904657189, 49.6171145689 ] ] ] ] } },
{ "type": "Feature", "properties": { "fid": 75, "FRICHE": "Hôpital Corvisart", "COMMUNE": "Charleville-Mézières", "site_id": "08105_17", "proprio_type": "F1a|F7b|G2a", "unite_fonciere_surface": 8137, "unite_fonciere_refcad": "08105000AO0377|08105000AO0378|08105000AO0549|08105000AO0550|08105000AO0551|08105000AO0552|08105000AO0553", "idprocpte": "08105+04908|08105+05350|08105*01227", "geompoint": "Point (4.725011 49.77357)", "proprio_personne": "personne morale", "surf_calc": 8131, "proprio_nom": "COPROPRIETE|FRANCE PIERRE PATRIMOINE|SA DES HABITATIONS A LOYER MODERE" }, "geometry": { "type": "MultiPolygon", "coordinates": [ [ [ [ 4.7251619881, 49.7731446234 ], [ 4.7249850235, 49.7731846023 ], [ 4.7249867939, 49.7731877208 ], [ 4.7249308854, 49.7732002827 ], [ 4.7249532282, 49.7732374412 ], [ 4.7249608796, 49.7732502738 ], [ 4.7249568822, 49.7732512309 ], [ 4.7249902548, 49.7733107882 ], [ 4.7247651725, 49.7733640326 ], [ 4.7247765676, 49.7733851699 ], [ 4.7247209184, 49.7734547919 ], [ 4.7239463143, 49.7736187043 ], [ 4.723608745, 49.7736901608 ], [ 4.7237969345, 49.7740366338 ], [ 4.724323806, 49.7739208028 ], [ 4.7244966763, 49.7738827701 ], [ 4.7244845155, 49.7738596648 ], [ 4.7245588372, 49.7738415368 ], [ 4.7250740998, 49.7737272148 ], [ 4.725086671, 49.7737501363 ], [ 4.7254130139, 49.7736793738 ], [ 4.7255500876, 49.7736496647 ], [ 4.7255426833, 49.7736360198 ], [ 4.726070255, 49.7735204408 ], [ 4.7264194368, 49.7734438738 ], [ 4.7264468299, 49.7734128376 ], [ 4.7264204056, 49.7733699892 ], [ 4.7263528951, 49.773260856 ], [ 4.7263423388, 49.7732441123 ], [ 4.7262742323, 49.773134087 ], [ 4.7261623455, 49.7731655109 ], [ 4.7260466761, 49.7732003097 ], [ 4.7260079394, 49.7732119982 ], [ 4.7259734629, 49.7732223753 ], [ 4.7259393992, 49.7732326495 ], [ 4.725924011, 49.7732372727 ], [ 4.7259234201, 49.7732362943 ], [ 4.725904175, 49.7732415975 ], [ 4.725862239, 49.7732529753 ], [ 4.7257892306, 49.7732729727 ], [ 4.7257917523, 49.7732778761 ], [ 4.7257313042, 49.773291856 ], [ 4.7257233536, 49.7732783052 ], [ 4.7257153941, 49.7732644902 ], [ 4.725667877, 49.7732750465 ], [ 4.7255968126, 49.7732909722 ], [ 4.725559911, 49.773299313 ], [ 4.7255042628, 49.7733116935 ], [ 4.7254892563, 49.7733150495 ], [ 4.7253837602, 49.7733387417 ], [ 4.7252795424, 49.7733633107 ], [ 4.725235576, 49.7732817044 ], [ 4.7251619881, 49.7731446234 ] ] ] ] } },
{ "type": "Feature", "properties": { "fid": 77, "FRICHE": "Kinetec", "COMMUNE": "Tournes", "site_id": "08457_01", "proprio_type": "G1a", "unite_fonciere_surface": 10503, "unite_fonciere_refcad": "08457000ZE0470", "idprocpte": "08457+00208", "geompoint": "Point (4.631198 49.791292)", "proprio_personne": "personne morale", "surf_calc": 10487, "proprio_nom": "SCI" }, "geometry": { "type": "MultiPolygon", "coordinates": [ [ [ [ 4.6301522, 49.791959 ], [ 4.6304028, 49.791934 ], [ 4.6304532, 49.7919331 ], [ 4.6305494, 49.7919428 ], [ 4.6306169, 49.7919579 ], [ 4.6308167, 49.79201 ], [ 4.6309549, 49.7919966 ], [ 4.6314686, 49.7917558 ], [ 4.6320653, 49.7914752 ], [ 4.6319707, 49.7913914 ], [ 4.6317276, 49.7911755 ], [ 4.6312979, 49.7907941 ], [ 4.6308042, 49.7910796 ], [ 4.6300001, 49.7917711 ], [ 4.6299942, 49.7917752 ], [ 4.6301522, 49.791959 ] ] ] ] } },
{ "type": "Feature", "properties": { "fid": 78, "FRICHE": "Beghin-Say - Guerletub", "COMMUNE": "Attigny", "site_id": "08025_01", "proprio_type": "G1a|Z1a", "unite_fonciere_surface": 39576, "unite_fonciere_refcad": "08025000AB0030|08025000AB0047|08025000AB0049|08025000AB0152|08025000AB0248|08025000AB0253|08025000AB0273|08025000AB0291|08025000AB0292|08025000AB0348|08025000AB0349|08025000AB0350|08025000AB0351", "idprocpte": "08025+00139|08025+00076|08025+00120", "geompoint": "Point (4.571476 49.479169)", "proprio_personne": "personne morale", "surf_calc": 39526, "proprio_nom": "_X_|SCI" }, "geometry": { "type": "MultiPolygon", "coordinates": [ [ [ [ 4.5668024953, 49.4798741189 ], [ 4.5668819072, 49.4798738947 ], [ 4.566881661, 49.4799092155 ], [ 4.5678772124, 49.4799755874 ], [ 4.5686062921, 49.4799920082 ], [ 4.5695281794, 49.480001839 ], [ 4.5704536019, 49.4799599903 ], [ 4.5710523828, 49.479923802 ], [ 4.5713296394, 49.479861021 ], [ 4.5731000103, 49.4793536885 ], [ 4.5729309854, 49.4789277631 ], [ 4.5727680522, 49.4784199244 ], [ 4.5725279758, 49.4785238251 ], [ 4.5722591205, 49.4785945038 ], [ 4.5719844258, 49.4786471681 ], [ 4.571976089, 49.4786339244 ], [ 4.5703644857, 49.4791465775 ], [ 4.5695005022, 49.4792322832 ], [ 4.5695013994, 49.4792400242 ], [ 4.5687383655, 49.4793199235 ], [ 4.5682874138, 49.4793715169 ], [ 4.5682939457, 49.4793957037 ], [ 4.5673268167, 49.4794955039 ], [ 4.5670780628, 49.4795044744 ], [ 4.56629795, 49.4794935257 ], [ 4.5659825097, 49.479473691 ], [ 4.5660490908, 49.4795035742 ], [ 4.5663379142, 49.4796143657 ], [ 4.5665554216, 49.4797164599 ], [ 4.5667022419, 49.4798078714 ], [ 4.5668024953, 49.4798741189 ] ] ] ] } },
{ "type": "Feature", "properties": { "fid": 80, "FRICHE": "Friche Inchelin", "COMMUNE": "Charleville-Mézières", "site_id": "08105_19", "proprio_type": "X1a", "unite_fonciere_surface": 324, "unite_fonciere_refcad": "08105000CT0079|08105000CT0299", "idprocpte": "08105B04726", "geompoint": "Point (4.718854 49.758331)", "proprio_personne": "personne physique", "surf_calc": 322, "proprio_nom": "_X_" }, "geometry": { "type": "MultiPolygon", "coordinates": [ [ [ [ 4.7190172, 49.7583093 ], [ 4.7190126, 49.7582655 ], [ 4.7190009, 49.7582525 ], [ 4.7189634, 49.7582108 ], [ 4.7187836, 49.7582802 ], [ 4.7187673, 49.7582902 ], [ 4.7187565, 49.7582975 ], [ 4.7187447, 49.7583058 ], [ 4.7187316, 49.7583159 ], [ 4.7187224, 49.7583249 ], [ 4.7187123, 49.7583413 ], [ 4.7187514, 49.7584636 ], [ 4.7187912, 49.7584411 ], [ 4.7190178, 49.758314 ], [ 4.7190172, 49.7583093 ] ] ] ] } },
{ "type": "Feature", "properties": { "fid": 84, "FRICHE": "Le Feutre", "COMMUNE": "Mouzon", "site_id": "08311_01", "proprio_type": "P5a|Z1a|M1a", "unite_fonciere_surface": 24474, "unite_fonciere_refcad": "08311000AN0762|08311000AN0763|08311000AN0764|08311000AN0766|08311000AN0767|08311000AN0772|08311000AN0773|08311000AN0774|08311000AN0775|08311000AN0812|08311000AN0813|08311000AN0815|08311000AN0816|08311000AN0817|08311000AN0830|08311000AN0834|08311000AN0835|08311000AN0839|08311000AN0896", "idprocpte": "08311+00318|08311+00213|08311+00182|08311+00200", "geompoint": "Point (5.080434 49.603972)", "proprio_personne": "personne morale", "surf_calc": 24658, "proprio_nom": "_X_|COMMUNE DE MOUZON" }, "geometry": { "type": "MultiPolygon", "coordinates": [ [ [ [ 5.0792365114, 49.6040145074 ], [ 5.0793464893, 49.6039690211 ], [ 5.0793777448, 49.60393089 ], [ 5.0794528691, 49.6039598359 ], [ 5.0793711678, 49.6041507244 ], [ 5.0793227173, 49.6041419884 ], [ 5.0792732271, 49.6042656175 ], [ 5.0794247664, 49.6042916047 ], [ 5.0794509524, 49.6042804043 ], [ 5.0794741411, 49.604284862 ], [ 5.0794916467, 49.6042462199 ], [ 5.0795815025, 49.6043084012 ], [ 5.0792677303, 49.6044978769 ], [ 5.0795454474, 49.6047283889 ], [ 5.0796380276, 49.6047875977 ], [ 5.0797506416, 49.6048616945 ], [ 5.0798862853, 49.6047799165 ], [ 5.080067504, 49.6046748778 ], [ 5.080116501, 49.6047065962 ], [ 5.0802912103, 49.6046028314 ], [ 5.0807660598, 49.6043412156 ], [ 5.0808465601, 49.6042968143 ], [ 5.0810052706, 49.6042103763 ], [ 5.0810248443, 49.6042224439 ], [ 5.0811789919, 49.6041558508 ], [ 5.0813378125, 49.604086852 ], [ 5.0814975295, 49.6040546585 ], [ 5.0815089932, 49.604043222 ], [ 5.0813942285, 49.6039192222 ], [ 5.0814377643, 49.603904523 ], [ 5.0812478225, 49.6036767747 ], [ 5.0808883126, 49.6033999941 ], [ 5.080843002, 49.603370926 ], [ 5.0807677828, 49.6033414008 ], [ 5.0807439365, 49.6033355871 ], [ 5.0807212766, 49.6033336002 ], [ 5.0806748894, 49.6033326145 ], [ 5.0806533413, 49.6033368548 ], [ 5.0806344352, 49.6033427696 ], [ 5.080618137, 49.6033544571 ], [ 5.0806091917, 49.603363551 ], [ 5.0806030003, 49.6033758578 ], [ 5.0806021692, 49.6033865469 ], [ 5.0806047994, 49.6033973753 ], [ 5.080613199, 49.603410133 ], [ 5.0805863189, 49.6034237714 ], [ 5.0806153185, 49.6034476928 ], [ 5.080581045, 49.6034647563 ], [ 5.080518744, 49.6034311272 ], [ 5.0805026875, 49.6034241999 ], [ 5.0804811123, 49.6034177103 ], [ 5.0804693436, 49.6034172588 ], [ 5.080451817, 49.6034223932 ], [ 5.0804366644, 49.6034296114 ], [ 5.080428053, 49.603439316 ], [ 5.0804240996, 49.6034517291 ], [ 5.0804275326, 49.6034641765 ], [ 5.0804335013, 49.6034733974 ], [ 5.0804733197, 49.6035183885 ], [ 5.0803516758, 49.6035789499 ], [ 5.0803064918, 49.6035677085 ], [ 5.0800814912, 49.6033870694 ], [ 5.0800207303, 49.6033005148 ], [ 5.0799686449, 49.6032661361 ], [ 5.0797842876, 49.6032200691 ], [ 5.0796476393, 49.6031886884 ], [ 5.0795214684, 49.6031803836 ], [ 5.0792936196, 49.6031644402 ], [ 5.0791896301, 49.6031596249 ], [ 5.0791449164, 49.6031596983 ], [ 5.0790621882, 49.6031638274 ], [ 5.0789856393, 49.603173277 ], [ 5.0789554965, 49.6031799943 ], [ 5.0786315482, 49.6032653815 ], [ 5.0783729034, 49.6033434491 ], [ 5.0779620528, 49.6034477629 ], [ 5.077730648, 49.6035652847 ], [ 5.077617086, 49.6036327295 ], [ 5.0776119576, 49.603638631 ], [ 5.0776121771, 49.6036440535 ], [ 5.0776148119, 49.6036502099 ], [ 5.0776234064, 49.6036562643 ], [ 5.0776348238, 49.6036583945 ], [ 5.0776485466, 49.6036585474 ], [ 5.0777499701, 49.6036447974 ], [ 5.0777947311, 49.603807594 ], [ 5.0778153703, 49.6038018147 ], [ 5.0779774252, 49.6037389664 ], [ 5.077992795, 49.6037650595 ], [ 5.0781744929, 49.6037086576 ], [ 5.0781887496, 49.603751436 ], [ 5.0782731242, 49.6036554209 ], [ 5.0792365114, 49.6040145074 ] ] ] ] } },
{ "type": "Feature", "properties": { "fid": 85, "FRICHE": "Dombret-Becq", "COMMUNE": "Nouzonville", "site_id": "08328_05", "proprio_type": "P5a", "unite_fonciere_surface": 3390, "unite_fonciere_refcad": "08328000AL0056|08328000AL0057|08328000AL0059|08328000AL0559|08328000AL0560|08328000AL0789|08328000AL0926", "idprocpte": "08328+00391", "geompoint": "Point (4.745755 49.816404)", "proprio_personne": "personne morale", "surf_calc": 3392, "proprio_nom": "COMMUNE DE NOUZONVILLE" }, "geometry": { "type": "MultiPolygon", "coordinates": [ [ [ [ 4.7453624276, 49.8163454935 ], [ 4.7453643744, 49.816378086 ], [ 4.7453684537, 49.8164405724 ], [ 4.7453745603, 49.8165339426 ], [ 4.7453935809, 49.8165337604 ], [ 4.7454600789, 49.8165329889 ], [ 4.7454627, 49.8165884 ], [ 4.7455844, 49.8165876 ], [ 4.7455814, 49.8166561 ], [ 4.7455874217, 49.8167561843 ], [ 4.7456604811, 49.8167563972 ], [ 4.7457652055, 49.8167566062 ], [ 4.7458996577, 49.8167570189 ], [ 4.7461153269, 49.8167484511 ], [ 4.7461482167, 49.8167477108 ], [ 4.7462948883, 49.8167439942 ], [ 4.7462861798, 49.8165908124 ], [ 4.7462820921, 49.8165159251 ], [ 4.7461680332, 49.8165189054 ], [ 4.7461673854, 49.8164999535 ], [ 4.7461508696, 49.8165002797 ], [ 4.746137532, 49.8163051082 ], [ 4.7461329163, 49.816235081 ], [ 4.7461323102, 49.8162254743 ], [ 4.7458748444, 49.8162382348 ], [ 4.7458620079, 49.8160048641 ], [ 4.7457219854, 49.8160120796 ], [ 4.7457239554, 49.8160372131 ], [ 4.7457385331, 49.816240275 ], [ 4.745517542, 49.8162474805 ], [ 4.7453566231, 49.8162528378 ], [ 4.7453578811, 49.8162733985 ], [ 4.7453624276, 49.8163454935 ] ] ] ] } },
{ "type": "Feature", "properties": { "fid": 86, "FRICHE": "Friche Mory", "COMMUNE": "Sedan et Wadelincourt", "site_id": "08494_01", "proprio_type": "F7b", "unite_fonciere_surface": 73436, "unite_fonciere_refcad": "08409000AV0421|08494000AC0001|08494000AC0006|08494000AC0007|08494000AC0133|08494000AC0135|08494000AC0136|08494000AC0138", "idprocpte": "08409+01365|08494+00041", "geompoint": "Point (4.935851 49.69183)", "proprio_personne": "personne morale", "surf_calc": 73346, "proprio_nom": "COFETRANS" }, "geometry": { "type": "MultiPolygon", "coordinates": [ [ [ [ 4.935167, 49.6938403 ], [ 4.9352899, 49.6937913 ], [ 4.9352956, 49.6937898 ], [ 4.9356655, 49.6936439 ], [ 4.9361821, 49.6934405 ], [ 4.9362375, 49.6934184 ], [ 4.9363607, 49.6933704 ], [ 4.93634, 49.6933493 ], [ 4.9365337, 49.6932262 ], [ 4.9369797, 49.6930192 ], [ 4.9373417, 49.6927691 ], [ 4.9376792, 49.692481 ], [ 4.937862, 49.6923216 ], [ 4.9379588, 49.6922279 ], [ 4.9382908, 49.6919658 ], [ 4.9386265, 49.6916146 ], [ 4.9388502, 49.6914407 ], [ 4.9390962, 49.6912698 ], [ 4.9397093, 49.6908555 ], [ 4.9400721, 49.690627 ], [ 4.9407593, 49.6902749 ], [ 4.940926, 49.6902073 ], [ 4.9407653, 49.6901489 ], [ 4.940389, 49.6900116 ], [ 4.9401174, 49.6899138 ], [ 4.9398214, 49.6896248 ], [ 4.9394528, 49.6892652 ], [ 4.9394195, 49.6892371 ], [ 4.9391426, 49.6891077 ], [ 4.939091, 49.689085 ], [ 4.9390675, 49.6890739 ], [ 4.9390058, 49.6891661 ], [ 4.9389483, 49.6892832 ], [ 4.9389285, 49.6893235 ], [ 4.9388112, 49.6895683 ], [ 4.9387718, 49.68968 ], [ 4.9387115, 49.6899296 ], [ 4.9386895, 49.6901205 ], [ 4.9386784, 49.690225 ], [ 4.9386771, 49.6904397 ], [ 4.9386714, 49.690763 ], [ 4.9386671, 49.6908068 ], [ 4.9386111, 49.691 ], [ 4.9385529, 49.6911858 ], [ 4.9385128, 49.6912833 ], [ 4.9384709, 49.6913645 ], [ 4.9384323, 49.6914361 ], [ 4.9383638, 49.691518 ], [ 4.9382796, 49.6916187 ], [ 4.938248, 49.6916548 ], [ 4.9381481, 49.6917426 ], [ 4.9381336, 49.6917553 ], [ 4.9380367, 49.6918342 ], [ 4.9378503, 49.691979 ], [ 4.9377152, 49.6920815 ], [ 4.9376102, 49.6921549 ], [ 4.9373351, 49.6922999 ], [ 4.9367766, 49.6920063 ], [ 4.9362733, 49.6917423 ], [ 4.9359798, 49.6915889 ], [ 4.9359121, 49.69164 ], [ 4.9358489, 49.6916059 ], [ 4.9357829, 49.6915704 ], [ 4.9356853, 49.6915176 ], [ 4.9354799, 49.6916802 ], [ 4.9351979, 49.6919033 ], [ 4.9351014, 49.69198 ], [ 4.9348126, 49.6922086 ], [ 4.9345734, 49.6923988 ], [ 4.9343344, 49.6925879 ], [ 4.9342457, 49.6926587 ], [ 4.9342229, 49.6926777 ], [ 4.9339385, 49.6929023 ], [ 4.9336836, 49.6931044 ], [ 4.933768792, 49.6931412412 ], [ 4.9337674, 49.6931424 ], [ 4.9337023, 49.6931931 ], [ 4.9333035, 49.6935124 ], [ 4.9331824, 49.6936111 ], [ 4.9331374, 49.6936471 ], [ 4.9331087, 49.6936699 ], [ 4.9332845, 49.6937641 ], [ 4.9333394, 49.6937949 ], [ 4.9333096, 49.6938167 ], [ 4.9334682, 49.6939027 ], [ 4.9334726, 49.6939051 ], [ 4.9335874, 49.6939631 ], [ 4.9335757, 49.6939721 ], [ 4.9338165, 49.6941018 ], [ 4.9340718, 49.6942391 ], [ 4.9339821, 49.6942927 ], [ 4.9338585, 49.6943576 ], [ 4.9338304, 49.69437 ], [ 4.9336087, 49.6944543 ], [ 4.9334899, 49.6944996 ], [ 4.9333699, 49.6945452 ], [ 4.933281, 49.6945791 ], [ 4.9333676, 49.6946213 ], [ 4.9338843, 49.6944032 ], [ 4.9340063, 49.69435 ], [ 4.9342914, 49.6943708 ], [ 4.9343234, 49.6943219 ], [ 4.9344665, 49.694223 ], [ 4.9345278, 49.6941909 ], [ 4.935022, 49.6939117 ], [ 4.935167, 49.6938403 ] ] ] ] } },
{ "type": "Feature", "properties": { "fid": 87, "FRICHE": "Champ de tir de Chestres", "COMMUNE": "Vouziers", "site_id": "08490_06", "proprio_type": "P1b", "unite_fonciere_surface": 26811, "unite_fonciere_refcad": "084900000F0316", "idprocpte": "08490+00749", "geompoint": "Point (4.728098 49.398184)", "proprio_personne": "personne morale", "surf_calc": 27265, "proprio_nom": "ETAT PAR DIRECTION DE L IMMOBILIER DE L ETAT|MINISTERE DE LA DEFENSE" }, "geometry": { "type": "MultiPolygon", "coordinates": [ [ [ [ 4.7290641394, 49.3972461892 ], [ 4.7263192802, 49.397339696 ], [ 4.7261023274, 49.3973439607 ], [ 4.7257626721, 49.3978016613 ], [ 4.729036857, 49.3988223547 ], [ 4.7292010249, 49.3985831969 ], [ 4.7290641394, 49.3972461892 ] ] ] ] } },
{ "type": "Feature", "properties": { "fid": 88, "FRICHE": "Les Tourbières de la Bar - Dumona", "COMMUNE": "Autruche", "site_id": "08035_01", "proprio_type": "M1a", "unite_fonciere_surface": 24619, "unite_fonciere_refcad": "08035000ZL0015|08035000ZL0017", "idprocpte": "08035+00030", "geompoint": "Point (4.897168 49.440541)", "proprio_personne": "personne morale", "surf_calc": 24793, "proprio_nom": "_X_" }, "geometry": { "type": "MultiPolygon", "coordinates": [ [ [ [ 4.8954034417, 49.4411746002 ], [ 4.899628791, 49.4405240489 ], [ 4.899564393, 49.4404495537 ], [ 4.8994168926, 49.4404854483 ], [ 4.8991194303, 49.4405307481 ], [ 4.8988928861, 49.4400041666 ], [ 4.8984980097, 49.4400491919 ], [ 4.8984697813, 49.4399132747 ], [ 4.8951496566, 49.4403169728 ], [ 4.8953813492, 49.4410999427 ], [ 4.8954034417, 49.4411746002 ] ] ] ] } },
{ "type": "Feature", "properties": { "fid": 89, "FRICHE": "Gare de Sorendal", "COMMUNE": "Les Hautes-Rivières", "site_id": "08218_02", "proprio_type": "X1a", "unite_fonciere_surface": 1426, "unite_fonciere_refcad": "08218000AO0104|08218000AO0105|08218000AO0106", "idprocpte": "08218S00173", "geompoint": "Point (4.849884 49.875482)", "proprio_personne": "personne physique", "surf_calc": 1433, "proprio_nom": "_X_" }, "geometry": { "type": "MultiPolygon", "coordinates": [ [ [ [ 4.8502587545, 49.8752062095 ], [ 4.8501593287, 49.875156136 ], [ 4.8497974045, 49.8754364068 ], [ 4.8495077072, 49.8756609485 ], [ 4.8493084888, 49.8758153774 ], [ 4.8493943948, 49.8758607139 ], [ 4.8494317609, 49.875844333 ], [ 4.8494848332, 49.8758738121 ], [ 4.8496665473, 49.8757428317 ], [ 4.8499658874, 49.8755273093 ], [ 4.850273028, 49.875304569 ], [ 4.8502587545, 49.8752062095 ] ] ] ] } },
{ "type": "Feature", "properties": { "fid": 90, "FRICHE": "Fonderie Collignon St Eloy", "COMMUNE": "Deville", "site_id": "08139_01", "proprio_type": "Z1a", "unite_fonciere_surface": 15897, "unite_fonciere_refcad": "08139000AC0268|08139000AC0269|08139000AC0272|08139000AC0273|08139000AC0274|08139000AC0281|08139000AC0630|08139000AC0632|08139000AC0635|08139000AC0636|08139000AC0637|08139000AC0640|08139000AC0643|08139000AC0644|08139000AC0668|08139000AC0669|08139000AD0416", "idprocpte": "08139+00051", "geompoint": "Point (4.708257 49.87848)", "proprio_personne": "personne morale", "surf_calc": 15941, "proprio_nom": "_X_" }, "geometry": { "type": "MultiPolygon", "coordinates": [ [ [ [ 4.7079586255, 49.8773856407 ], [ 4.7079193296, 49.8776281708 ], [ 4.7078816482, 49.877844171 ], [ 4.7078806331, 49.8778803071 ], [ 4.7078846404, 49.877929402 ], [ 4.7079023963, 49.8779696786 ], [ 4.7079194727, 49.8779896573 ], [ 4.7079391009, 49.877998638 ], [ 4.708010154, 49.878036013 ], [ 4.7080443417, 49.8780479351 ], [ 4.7080649503, 49.8780488151 ], [ 4.7080865233, 49.8780452787 ], [ 4.7081050424, 49.8780377415 ], [ 4.7081046695, 49.8780266046 ], [ 4.7081098419, 49.877990051 ], [ 4.7081274037, 49.8778667035 ], [ 4.7081413568, 49.8777684761 ], [ 4.7081564588, 49.8776464209 ], [ 4.7081796636, 49.8774507506 ], [ 4.7081953578, 49.8773463887 ], [ 4.7082089398, 49.8772246243 ], [ 4.7082327257, 49.8770006412 ], [ 4.7082339593, 49.876937815 ], [ 4.7082300298, 49.8768536752 ], [ 4.7082201787, 49.8767504791 ], [ 4.7082072063, 49.8766869529 ], [ 4.7081566206, 49.8765008504 ], [ 4.7081143157, 49.8765080912 ], [ 4.7080541771, 49.8768465194 ], [ 4.7080308984, 49.8769942979 ], [ 4.7079980061, 49.8771581151 ], [ 4.7079961251, 49.8771683849 ], [ 4.7079586255, 49.8773856407 ] ] ], [ [ [ 4.707924231, 49.8781567219 ], [ 4.7078375977, 49.8781316053 ], [ 4.7078315704, 49.8781841651 ], [ 4.7078032352, 49.8783886228 ], [ 4.7077649138, 49.878739235 ], [ 4.7077388701, 49.8788792343 ], [ 4.7076732784, 49.8792543086 ], [ 4.7076977783, 49.8792592676 ], [ 4.7076386961, 49.8796045086 ], [ 4.70770291, 49.8797532201 ], [ 4.7077430293, 49.8795892126 ], [ 4.7078539357, 49.8795999725 ], [ 4.7078874223, 49.879453849 ], [ 4.7079187879, 49.8793066769 ], [ 4.7079801011, 49.8793105821 ], [ 4.7079749486, 49.8793352745 ], [ 4.7082912043, 49.8793576298 ], [ 4.7084731046, 49.8793707211 ], [ 4.7085600817, 49.8793769628 ], [ 4.7085672038, 49.8793529617 ], [ 4.7086384334, 49.8792170029 ], [ 4.7086575408, 49.8791771993 ], [ 4.7086731509, 49.879086946 ], [ 4.7086837836, 49.8790847306 ], [ 4.7086926692, 49.8790262004 ], [ 4.7086845299, 49.879023978 ], [ 4.7087404594, 49.8786761744 ], [ 4.7087273982, 49.8785934205 ], [ 4.7087183367, 49.8785346021 ], [ 4.7087238537, 49.8784128607 ], [ 4.7087307438, 49.8782615377 ], [ 4.7087341657, 49.8781478227 ], [ 4.708746397, 49.8780812485 ], [ 4.7087772003, 49.8779132372 ], [ 4.7087996362, 49.8777735576 ], [ 4.708826144, 49.8776184557 ], [ 4.7088610549, 49.8774153432 ], [ 4.7088803973, 49.8773120084 ], [ 4.7085807589, 49.8772913991 ], [ 4.7082809877, 49.8772709707 ], [ 4.7082529512, 49.877492587 ], [ 4.7082440013, 49.8775741212 ], [ 4.7082322527, 49.8776800454 ], [ 4.7082166046, 49.8777982444 ], [ 4.7081945445, 49.8779201273 ], [ 4.7081807815, 49.8780198795 ], [ 4.7081686064, 49.8781089168 ], [ 4.7081623704, 49.8782216827 ], [ 4.7080970611, 49.8782188219 ], [ 4.7080829967, 49.8782182098 ], [ 4.7080845793, 49.8782031818 ], [ 4.707924231, 49.8781567219 ] ] ] ] } },
{ "type": "Feature", "properties": { "fid": 91, "FRICHE": "S&M", "COMMUNE": "Givet", "site_id": "08190_05", "proprio_type": "P4a", "unite_fonciere_surface": 10357, "unite_fonciere_refcad": "08190000AY0053|08190000AY0056|08190000AY0065|08190000AY0068|08190000AY0071|08190000AY0073", "idprocpte": "08190+00635", "geompoint": "Point (4.812665 50.141786)", "proprio_personne": "personne morale", "surf_calc": 10359, "proprio_nom": "COMMUNAUTE COMMUNES ARDENNE RIVES MEUSE" }, "geometry": { "type": "MultiPolygon", "coordinates": [ [ [ [ 4.8117776681, 50.1414257594 ], [ 4.8117537565, 50.1414332983 ], [ 4.811725069, 50.1414480041 ], [ 4.8117005046, 50.1414685776 ], [ 4.8116945868, 50.1414789951 ], [ 4.8116870984, 50.1414924001 ], [ 4.8116867195, 50.1415170186 ], [ 4.8121680279, 50.1421607228 ], [ 4.8122142848, 50.1422583122 ], [ 4.8123446739, 50.1422459686 ], [ 4.8127380664, 50.1422086347 ], [ 4.8131755833, 50.1421661569 ], [ 4.8136165728, 50.1421230873 ], [ 4.8136487476, 50.1421199174 ], [ 4.8136153963, 50.1419767749 ], [ 4.8135757721, 50.1418106392 ], [ 4.8135297868, 50.1417989218 ], [ 4.8133362531, 50.1417495887 ], [ 4.813322715, 50.1416993052 ], [ 4.8132562899, 50.1414520011 ], [ 4.8132488945, 50.1414327972 ], [ 4.8132345709, 50.14139573 ], [ 4.8132140489, 50.1413651321 ], [ 4.8131908884, 50.1413428373 ], [ 4.8131583022, 50.1413227476 ], [ 4.8131381056, 50.141312985 ], [ 4.8131107586, 50.1413026092 ], [ 4.8130700454, 50.1412936884 ], [ 4.8130594813, 50.1412914189 ], [ 4.8130086454, 50.1412886659 ], [ 4.812959179, 50.1412890366 ], [ 4.8125567482, 50.1413353079 ], [ 4.8117776681, 50.1414257594 ] ] ] ] } },
{ "type": "Feature", "properties": { "fid": 92, "FRICHE": "FGR Freddy Golinval Recyclage", "COMMUNE": "Bogny-sur-Meuse", "site_id": "08081_04", "proprio_type": "X1a", "unite_fonciere_surface": 5012, "unite_fonciere_refcad": "08081000AA0073|08081000AA0074", "idprocpte": "08081G00486", "geompoint": "Point (4.775175 49.840733)", "proprio_personne": "personne physique", "surf_calc": 5014, "proprio_nom": "_X_" }, "geometry": { "type": "MultiPolygon", "coordinates": [ [ [ [ 4.7759721499, 49.8406625547 ], [ 4.7751639061, 49.8405072584 ], [ 4.7748806552, 49.8404531469 ], [ 4.7746230037, 49.8404039644 ], [ 4.7745670563, 49.8403933654 ], [ 4.7744565237, 49.840635261 ], [ 4.7743775854, 49.8408027415 ], [ 4.7748835407, 49.8408998949 ], [ 4.7757821526, 49.8410724798 ], [ 4.7759721499, 49.8406625547 ] ] ] ] } },
{ "type": "Feature", "properties": { "fid": 93, "FRICHE": "AFEIPH", "COMMUNE": "Vireux-Molhain", "site_id": "08486_01", "proprio_type": "M1a", "unite_fonciere_surface": 1325, "unite_fonciere_refcad": "08486000AC0376", "idprocpte": "08486+00267", "geompoint": "Point (4.718586 50.088372)", "proprio_personne": "personne morale", "surf_calc": 1296, "proprio_nom": "_X_" }, "geometry": { "type": "MultiPolygon", "coordinates": [ [ [ [ 4.7182369804, 50.0883206982 ], [ 4.7182806346, 50.0883977016 ], [ 4.7182920669, 50.0884178435 ], [ 4.7183824857, 50.0885771068 ], [ 4.7185912573, 50.0884790512 ], [ 4.7187181971, 50.0884095401 ], [ 4.7190047178, 50.088343902 ], [ 4.7191657098, 50.0882945748 ], [ 4.7191448162, 50.0882506702 ], [ 4.7191413118, 50.0882461379 ], [ 4.7190246976, 50.0882081557 ], [ 4.7188860317, 50.0881951861 ], [ 4.7182369804, 50.0883206982 ] ] ] ] } },
{ "type": "Feature", "properties": { "fid": 94, "FRICHE": "Halle fret gare de Monthermé", "COMMUNE": "Bogny-sur-Meuse", "site_id": "08081_09", "proprio_type": "R2a", "unite_fonciere_surface": 32462, "unite_fonciere_refcad": "08081000AV0117", "idprocpte": "08081+00434", "geompoint": "Point (4.741337 49.86738)", "proprio_personne": "personne morale", "surf_calc": 20475, "proprio_nom": "SOCIETE NATIONALE SNCF" }, "geometry": { "type": "MultiPolygon", "coordinates": [ [ [ [ 4.7412473, 49.8656294 ], [ 4.7402645, 49.8662642 ], [ 4.7404353, 49.8665305 ], [ 4.7405482, 49.8667024 ], [ 4.7406462, 49.866893 ], [ 4.7407472, 49.8670884 ], [ 4.7408244, 49.8672425 ], [ 4.7408602, 49.867312 ], [ 4.7408826, 49.8673576 ], [ 4.7409507, 49.8674812 ], [ 4.7410238, 49.8676067 ], [ 4.741096, 49.8677321 ], [ 4.7411672, 49.8678579 ], [ 4.7412179, 49.8679392 ], [ 4.7412358, 49.8679651 ], [ 4.7413148, 49.8680908 ], [ 4.7413947, 49.8682197 ], [ 4.741476, 49.8683495 ], [ 4.7415616, 49.8684806 ], [ 4.741647, 49.8686139 ], [ 4.7417334, 49.8687501 ], [ 4.7417795, 49.8688209 ], [ 4.7418387, 49.8689073 ], [ 4.7419098, 49.8690126 ], [ 4.7419808, 49.869114 ], [ 4.7420006, 49.8691521 ], [ 4.742066, 49.8691381 ], [ 4.7421376, 49.8691215 ], [ 4.74235547, 49.869042009 ], [ 4.7423143, 49.8689699 ], [ 4.7423283, 49.8689375 ], [ 4.742267, 49.8687139 ], [ 4.7422345, 49.8686287 ], [ 4.7421898, 49.868513 ], [ 4.7421481, 49.8684019 ], [ 4.7421274, 49.8683422 ], [ 4.7421112, 49.8683037 ], [ 4.7420663, 49.8681944 ], [ 4.7420168, 49.8680637 ], [ 4.7419675, 49.867927 ], [ 4.7419451, 49.8678717 ], [ 4.7418861, 49.8677087 ], [ 4.7418482, 49.8675956 ], [ 4.7417851, 49.8674034 ], [ 4.7417183, 49.867208 ], [ 4.7416831, 49.8671254 ], [ 4.7415981, 49.8669267 ], [ 4.7415129, 49.8667315 ], [ 4.741431, 49.8665411 ], [ 4.7414095, 49.866474 ], [ 4.7413625, 49.8662776 ], [ 4.7413185, 49.866083 ], [ 4.7412715, 49.8658879 ], [ 4.7412613, 49.8658212 ], [ 4.7412473, 49.8656294 ] ] ] ] } },
{ "type": "Feature", "properties": { "fid": 95, "FRICHE": "Moulin à farine de Bogny", "COMMUNE": "Bogny-sur-Meuse", "site_id": "08081_06", "proprio_type": "G2a", "unite_fonciere_surface": 1045, "unite_fonciere_refcad": "08081000AT0276", "idprocpte": "08081*00006", "geompoint": "Point (4.736065 49.861294)", "proprio_personne": "personne morale", "surf_calc": 1110, "proprio_nom": "COPROPRIETE" }, "geometry": { "type": "MultiPolygon", "coordinates": [ [ [ [ 4.7363310628, 49.8611206993 ], [ 4.7362580106, 49.8611389008 ], [ 4.7362657991, 49.8611594574 ], [ 4.7361867528, 49.8611812485 ], [ 4.7361309985, 49.8611072792 ], [ 4.7361518983, 49.8611046458 ], [ 4.7361486095, 49.8610978634 ], [ 4.736113761, 49.8610909005 ], [ 4.7359497152, 49.8611106649 ], [ 4.7357621755, 49.8611344471 ], [ 4.7358141628, 49.8612080207 ], [ 4.7358807414, 49.8612732998 ], [ 4.7359193982, 49.8613104906 ], [ 4.7359353075, 49.8613368625 ], [ 4.7360142926, 49.8614685498 ], [ 4.7360375538, 49.8615108118 ], [ 4.7362806866, 49.8614377156 ], [ 4.7363249963, 49.8614245055 ], [ 4.7363079769, 49.861402283 ], [ 4.7362154351, 49.8612766293 ], [ 4.7362459733, 49.8612672094 ], [ 4.7362254881, 49.8612411722 ], [ 4.736370597, 49.8611918439 ], [ 4.736339459, 49.8611427749 ], [ 4.7363763912, 49.8611333539 ], [ 4.7363608315, 49.8611131773 ], [ 4.7363310628, 49.8611206993 ] ] ] ] } },
{ "type": "Feature", "properties": { "fid": 96, "FRICHE": "Electrolux – Arthur Martin", "COMMUNE": "Revin", "site_id": "08363_03", "proprio_type": "Z1a", "unite_fonciere_surface": 30209, "unite_fonciere_refcad": "08363000AK0001|08363000AK0002|08363000AK0003|08363000AK0211|08363000AK0212|08363000AK0243|08363000AK0264|08363000AK0266|08363000AK0291|08363000AK0330|08363000AK0335|08363000AK0337", "idprocpte": "08363+00653", "geompoint": "Point (4.644357 49.938048)", "proprio_personne": "personne morale", "surf_calc": 30189, "proprio_nom": "_X_" }, "geometry": { "type": "MultiPolygon", "coordinates": [ [ [ [ 4.6434847, 49.9391515 ], [ 4.6439652, 49.9392094 ], [ 4.6441941, 49.9392409 ], [ 4.6448096, 49.9390498 ], [ 4.6449066, 49.9391783 ], [ 4.6458776, 49.9388744 ], [ 4.645715, 49.9386624 ], [ 4.6451169, 49.9378803 ], [ 4.645122, 49.9378788 ], [ 4.645155, 49.9377778 ], [ 4.644814, 49.937318 ], [ 4.6447824, 49.9372784 ], [ 4.6447549, 49.9372402 ], [ 4.6447537, 49.9372346 ], [ 4.6447633, 49.9372336 ], [ 4.6447704, 49.937144 ], [ 4.6445494, 49.9371671 ], [ 4.6445518, 49.9371484 ], [ 4.6443746, 49.9371462 ], [ 4.6441614, 49.9371788 ], [ 4.6435448, 49.9372713 ], [ 4.6435254, 49.937474 ], [ 4.6435077, 49.9377146 ], [ 4.6434969, 49.9378247 ], [ 4.6434674, 49.9382165 ], [ 4.6434733, 49.9383933 ], [ 4.6434788, 49.9384514 ], [ 4.6434809, 49.9384738 ], [ 4.6434837, 49.9386067 ], [ 4.6434871, 49.9386945 ], [ 4.6434902, 49.9387861 ], [ 4.6434882, 49.9390111 ], [ 4.6434847, 49.9391515 ] ] ], [ [ [ 4.6466016, 49.9389415 ], [ 4.6465688, 49.9389499 ], [ 4.6465375, 49.9389549 ], [ 4.6465241, 49.9389541 ], [ 4.6464436, 49.9389871 ], [ 4.6463068, 49.9388529 ], [ 4.6459667, 49.9389906 ], [ 4.6460784, 49.9391349 ], [ 4.6462152, 49.9393117 ], [ 4.6466107, 49.9391505 ], [ 4.6467508, 49.9390929 ], [ 4.646876, 49.9390395 ], [ 4.6468228, 49.9389886 ], [ 4.6467104, 49.9388797 ], [ 4.646688, 49.9389018 ], [ 4.6466739, 49.9389108 ], [ 4.6466446, 49.9389259 ], [ 4.6466235, 49.9389345 ], [ 4.6466016, 49.9389415 ] ] ] ] } },
{ "type": "Feature", "properties": { "fid": 97, "FRICHE": "Ideal Pierre Concept", "COMMUNE": "Bogny-sur-Meuse", "site_id": "08081_08", "proprio_type": "Z1a", "unite_fonciere_surface": 6200, "unite_fonciere_refcad": "08081000AA0174", "idprocpte": "08081+00485", "geompoint": "Point (4.776488 49.843316)", "proprio_personne": "personne morale", "surf_calc": 6203, "proprio_nom": "_X_" }, "geometry": { "type": "MultiPolygon", "coordinates": [ [ [ [ 4.7770360386, 49.8434320482 ], [ 4.7769959578, 49.8434222976 ], [ 4.7771386097, 49.8431931425 ], [ 4.7771466346, 49.8431801755 ], [ 4.7762372883, 49.842887972 ], [ 4.7757400686, 49.8435500221 ], [ 4.7762260519, 49.843707308 ], [ 4.7766725483, 49.8438518672 ], [ 4.7770360386, 49.8434320482 ] ] ] ] } },
{ "type": "Feature", "properties": { "fid": 98, "FRICHE": "Gare Rouvroy-L’Échelle bâtiment voyageurs et hall fret", "COMMUNE": "Rouvroy-sur-Audry", "site_id": "08370_02", "proprio_type": "R2a", "unite_fonciere_surface": 37467, "unite_fonciere_refcad": "08370000ZK0081|08370000ZK0083|08370000ZK0084|08370000ZK0086|08370000ZK0089", "idprocpte": "08370+00084", "geompoint": "Point (4.493249 49.790907)", "proprio_personne": "personne morale", "surf_calc": 23873, "proprio_nom": "SOCIETE NATIONALE SNCF" }, "geometry": { "type": "MultiPolygon", "coordinates": [ [ [ [ 4.4904072923, 49.79045062 ], [ 4.4906658703, 49.790521684 ], [ 4.4915884008, 49.7906519338 ], [ 4.4917723226, 49.7906760131 ], [ 4.4917386383, 49.7907726652 ], [ 4.4916591206, 49.7907970014 ], [ 4.4916549267, 49.7908673232 ], [ 4.4916793776, 49.7909061132 ], [ 4.4919099772, 49.7909457962 ], [ 4.4919352148, 49.7909497109 ], [ 4.4919904365, 49.7909584706 ], [ 4.4921343461, 49.7909812417 ], [ 4.4925179665, 49.791037203 ], [ 4.4925128832, 49.7910532603 ], [ 4.49257365, 49.7910617721 ], [ 4.4926578298, 49.791073502 ], [ 4.4929061754, 49.7911076642 ], [ 4.4929061754, 49.7911076642 ], [ 4.4932259149, 49.791152993 ], [ 4.493287237, 49.7911614977 ], [ 4.4933049375, 49.7911639768 ], [ 4.493216461, 49.7914137924 ], [ 4.4934304548, 49.7914455885 ], [ 4.4941317105, 49.7915505821 ], [ 4.4941803903, 49.7915539396 ], [ 4.4945619469, 49.7916150418 ], [ 4.4953740232, 49.7915082182 ], [ 4.4966013672, 49.7913528915 ], [ 4.4969227118, 49.7913106673 ], [ 4.4969388905, 49.7912137793 ], [ 4.4966005316, 49.7911657097 ], [ 4.4961187837, 49.7910904796 ], [ 4.4948355877, 49.790908654 ], [ 4.4939352638, 49.7907750435 ], [ 4.4920966016, 49.7905117957 ], [ 4.4919898633, 49.7904954622 ], [ 4.4906849075, 49.7903138594 ], [ 4.4903081477, 49.790258699 ], [ 4.4904072923, 49.79045062 ] ] ] ] } },
{ "type": "Feature", "properties": { "fid": 101, "FRICHE": "Fonderie Le Réveil", "COMMUNE": "Bourg-Fidèle", "site_id": "08078_01", "proprio_type": "G1a", "unite_fonciere_surface": 5090, "unite_fonciere_refcad": "08078000AB0125", "idprocpte": "08078+00058", "geompoint": "Point (4.536307 49.889607)", "proprio_personne": "personne morale", "surf_calc": 5092, "proprio_nom": "SCI" }, "geometry": { "type": "MultiPolygon", "coordinates": [ [ [ [ 4.5369162234, 49.8891758 ], [ 4.536308577, 49.8892852409 ], [ 4.5361409536, 49.8892930985 ], [ 4.5359284599, 49.8892887611 ], [ 4.5361071668, 49.8895011669 ], [ 4.5359779278, 49.8895460092 ], [ 4.5354646908, 49.8897242524 ], [ 4.5353342131, 49.8897695589 ], [ 4.535468797, 49.88987452 ], [ 4.5356373706, 49.8900136462 ], [ 4.5359406709, 49.8898651759 ], [ 4.5363362101, 49.8896716984 ], [ 4.5364621051, 49.8897790139 ], [ 4.5372000747, 49.8894205757 ], [ 4.5369162234, 49.8891758 ] ] ] ] } },
{ "type": "Feature", "properties": { "fid": 102, "FRICHE": "Ancienne piscine", "COMMUNE": "Nouzonville", "site_id": "08328_06", "proprio_type": "P5a", "unite_fonciere_surface": 2465, "unite_fonciere_refcad": "08328000AP0398", "idprocpte": "08328+00391", "geompoint": "Point (4.744655 49.812497)", "proprio_personne": "personne morale", "surf_calc": 2480, "proprio_nom": "COMMUNE DE NOUZONVILLE" }, "geometry": { "type": "MultiPolygon", "coordinates": [ [ [ [ 4.7444756185, 49.8124071557 ], [ 4.7442235839, 49.8125947098 ], [ 4.7441343327, 49.8126610469 ], [ 4.7441138824, 49.8126762566 ], [ 4.7442459137, 49.8127443727 ], [ 4.7442413078, 49.8127477635 ], [ 4.7442946887, 49.8127778235 ], [ 4.7442991557, 49.8127744347 ], [ 4.7444657188, 49.8128736888 ], [ 4.7451016768, 49.8123836446 ], [ 4.7449861057, 49.8122404376 ], [ 4.7447991865, 49.8121550446 ], [ 4.744780788, 49.8121693264 ], [ 4.7447890931, 49.8121766663 ], [ 4.7446113187, 49.8123061858 ], [ 4.7444756185, 49.8124071557 ] ] ] ] } },
{ "type": "Feature", "properties": { "fid": 103, "FRICHE": "Ferme Namèche", "COMMUNE": "Rimogne", "site_id": "08365_01", "proprio_type": "X1a", "unite_fonciere_surface": 3489, "unite_fonciere_refcad": "08365000AH0095|08365000AH0096", "idprocpte": "08365N00004", "geompoint": "Point (4.53365 49.840412)", "proprio_personne": "personne physique", "surf_calc": 3486, "proprio_nom": "_X_" }, "geometry": { "type": "MultiPolygon", "coordinates": [ [ [ [ 4.5344031021, 49.8405209884 ], [ 4.5343343547, 49.8402629787 ], [ 4.5343722746, 49.8402580094 ], [ 4.533547766, 49.8402934392 ], [ 4.5335230659, 49.8402944683 ], [ 4.5333558173, 49.8403048358 ], [ 4.5332907767, 49.8403088875 ], [ 4.533161595, 49.8403145534 ], [ 4.5329684527, 49.8403278514 ], [ 4.5328865442, 49.8405151503 ], [ 4.5328652121, 49.8405728358 ], [ 4.5329884911, 49.8405741632 ], [ 4.5331750959, 49.8406068634 ], [ 4.5332824287, 49.8406231271 ], [ 4.5335743224, 49.840641026 ], [ 4.5339079582, 49.8405915473 ], [ 4.5339381514, 49.840560617 ], [ 4.5339563078, 49.8405591309 ], [ 4.5344031021, 49.8405209884 ] ] ] ] } },
{ "type": "Feature", "properties": { "fid": 104, "FRICHE": "Ancien garage", "COMMUNE": "Bogny-sur-Meuse", "site_id": "08081_07", "proprio_type": "X1a", "unite_fonciere_surface": 762, "unite_fonciere_refcad": "08081000AL0153", "idprocpte": "08081R00366", "geompoint": "Point (4.758423 49.85887)", "proprio_personne": "personne physique", "surf_calc": 767, "proprio_nom": "_X_" }, "geometry": { "type": "MultiPolygon", "coordinates": [ [ [ [ 4.7581501782, 49.8587866305 ], [ 4.7583205175, 49.8589177083 ], [ 4.7584816533, 49.8590357989 ], [ 4.758512025, 49.859058006 ], [ 4.7587023025, 49.8589850862 ], [ 4.7586968251, 49.8589794141 ], [ 4.7585393071, 49.8588211048 ], [ 4.7585050415, 49.858786733 ], [ 4.7583882244, 49.8586680042 ], [ 4.7581501782, 49.8587866305 ] ] ] ] } },
{ "type": "Feature", "properties": { "fid": 107, "FRICHE": "Aucienne gare d’Aubigny", "COMMUNE": "Aubigny-les-Pothées", "site_id": "08026_01", "proprio_type": "R2a", "unite_fonciere_surface": 22089, "unite_fonciere_refcad": "08026000AB0219", "idprocpte": "08026+00063", "geompoint": "Point (4.444704 49.777377)", "proprio_personne": "personne morale", "surf_calc": 800, "proprio_nom": "SNCF RESEAU" }, "geometry": { "type": "MultiPolygon", "coordinates": [ [ [ [ 4.4443312063, 49.777437905 ], [ 4.444356182, 49.7774996024 ], [ 4.4451022607, 49.777382397 ], [ 4.4450924824, 49.7773597816 ], [ 4.4450515717, 49.777257556 ], [ 4.4449116064, 49.7772788943 ], [ 4.444306319, 49.7773723321 ], [ 4.4443312063, 49.777437905 ] ] ] ] } },
{ "type": "Feature", "properties": { "fid": 110, "FRICHE": "Établissements Wiart-Autier", "COMMUNE": "Les Hautes-Rivières", "site_id": "08218_01", "proprio_type": "Z2b", "unite_fonciere_surface": 10232, "unite_fonciere_refcad": "08218000AO0095|08218000AO0096|08218000AO0097|08218000AO0098|08218000AO0107|08218000AO0108|08218000AO0109|08218000AO0111|08218000AO0112|08218000AO0114|08218000AO0115|08218000AO0155|08218000AO0156|08218000AO0181", "idprocpte": "08218+00024", "geompoint": "Point (4.848167 49.875077)", "proprio_personne": "personne morale", "surf_calc": 10249, "proprio_nom": "_X_" }, "geometry": { "type": "MultiPolygon", "coordinates": [ [ [ [ 4.8477701, 49.8758367 ], [ 4.8477518, 49.8759125 ], [ 4.8481282, 49.8759257 ], [ 4.8485403, 49.87594 ], [ 4.8485411998, 49.8758648204 ], [ 4.8485412101, 49.8758648208 ], [ 4.8485414512, 49.8758330968 ], [ 4.8485425228, 49.8758012704 ], [ 4.8485489959, 49.8756153435 ], [ 4.8485497915, 49.8755912491 ], [ 4.8485524519, 49.8755150082 ], [ 4.8486100457, 49.8751819267 ], [ 4.8486158218, 49.875145626 ], [ 4.848624832, 49.8751448606 ], [ 4.8486465292, 49.8749953657 ], [ 4.8485983386, 49.8749931296 ], [ 4.8484582172, 49.8749864437 ], [ 4.8482569486, 49.8749768188 ], [ 4.8482399206, 49.8749251378 ], [ 4.8482777948, 49.8749266315 ], [ 4.8484395952, 49.8749329896 ], [ 4.8484993266, 49.8749352308 ], [ 4.8484962564, 49.8749617858 ], [ 4.8486507599, 49.8749701411 ], [ 4.8486721637, 49.8748893032 ], [ 4.8486843944, 49.8748431101 ], [ 4.8486204941, 49.874840932 ], [ 4.8484679147, 49.8748357825 ], [ 4.8484541373, 49.8748354518 ], [ 4.8483377753, 49.8748359545 ], [ 4.8483251226, 49.8748359662 ], [ 4.8483275501, 49.8748108587 ], [ 4.8483355405, 49.8747358849 ], [ 4.8484158812, 49.8747389826 ], [ 4.848480764, 49.8747414155 ], [ 4.8485333177, 49.8746530073 ], [ 4.8485493053, 49.8746260771 ], [ 4.8486433857, 49.8746476575 ], [ 4.8487307372, 49.8746677221 ], [ 4.8487534904, 49.8745819215 ], [ 4.8487774036, 49.8745856931 ], [ 4.8488469943, 49.8744187594 ], [ 4.8488459246, 49.8743930758 ], [ 4.8488440337, 49.874379266 ], [ 4.8488384865, 49.8743604795 ], [ 4.8488348551, 49.8743523572 ], [ 4.8488236502, 49.8743385986 ], [ 4.8488098473, 49.8743260475 ], [ 4.8487933496, 49.8743158735 ], [ 4.8487664294, 49.8743058572 ], [ 4.8487420344, 49.8743002956 ], [ 4.8487213892, 49.8742984515 ], [ 4.8487032041, 49.8742992658 ], [ 4.8486716856, 49.8743043256 ], [ 4.8486518534, 49.874309568 ], [ 4.8484855887, 49.8743564746 ], [ 4.8483169929, 49.8744273188 ], [ 4.8483467338, 49.8744345967 ], [ 4.8483153732, 49.8744785632 ], [ 4.8482438548, 49.8744579891 ], [ 4.848104568, 49.8745165281 ], [ 4.8479133635, 49.8745966098 ], [ 4.8476739726, 49.8747360084 ], [ 4.8477083472, 49.875247507 ], [ 4.8477101284, 49.8752774931 ], [ 4.8476503233, 49.8757186183 ], [ 4.8477994779, 49.8757174406 ], [ 4.8477837081, 49.8757811198 ], [ 4.8477768178, 49.8758097094 ], [ 4.8477701469, 49.8758366782 ], [ 4.8477701, 49.8758367 ] ] ] ] } },
{ "type": "Feature", "properties": { "fid": 111, "FRICHE": "Friche Lenoir et Mernier", "COMMUNE": "Bogny-sur-Meuse", "site_id": "08081_05", "proprio_type": "G1a", "unite_fonciere_surface": 15700, "unite_fonciere_refcad": "08081000AE0034|08081000AE0035|08081000AE0042|08081000AE0044|08081000AE0055|08081000AE0762|08081000AE0763|08081000AE0764|08081000AE0765|08081000AE0766|08081000AE0769|08081000AE0770|08081000AE0771|08081000AE0772|08081000AE0773|08081000AE0774|08081000AE0775|08081000AE0776", "idprocpte": "08081+00312", "geompoint": "Point (4.770253 49.851005)", "proprio_personne": "personne morale", "surf_calc": 15783, "proprio_nom": "SCI" }, "geometry": { "type": "MultiPolygon", "coordinates": [ [ [ [ 4.769536575, 49.8506683453 ], [ 4.7694365939, 49.8507228116 ], [ 4.7694149343, 49.8507354363 ], [ 4.7696385286, 49.8509153305 ], [ 4.769658226, 49.8509062388 ], [ 4.7696707935, 49.8509199849 ], [ 4.7693441837, 49.8510598675 ], [ 4.769040079, 49.8511915155 ], [ 4.7690348523, 49.8511890751 ], [ 4.7689361851, 49.851245409 ], [ 4.7687390788, 49.8513807178 ], [ 4.7689225356, 49.8514972144 ], [ 4.7690266304, 49.8515613939 ], [ 4.7692128573, 49.8516775803 ], [ 4.7692266801, 49.8516874443 ], [ 4.7693244824, 49.8517545004 ], [ 4.7693948621, 49.8518563701 ], [ 4.7698401481, 49.851756103 ], [ 4.7698948128, 49.8517333848 ], [ 4.7703582398, 49.851539129 ], [ 4.7705245254, 49.8514689635 ], [ 4.7706970987, 49.851399785 ], [ 4.7707483647, 49.8513792724 ], [ 4.770962531, 49.8512952025 ], [ 4.7712287774, 49.8511820709 ], [ 4.7712411415, 49.8511578989 ], [ 4.7712308045, 49.8511323489 ], [ 4.7710137572, 49.8509530815 ], [ 4.770896695, 49.8508556638 ], [ 4.7707016781, 49.8506784126 ], [ 4.7706540723, 49.8506361499 ], [ 4.7706089669, 49.8505938509 ], [ 4.7705006991, 49.8505015171 ], [ 4.7704706601, 49.8505169593 ], [ 4.77018533, 49.8506608286 ], [ 4.7699153163, 49.8504728918 ], [ 4.7702531035, 49.8502907909 ], [ 4.7699934621, 49.8500893147 ], [ 4.7696540238, 49.8502919269 ], [ 4.7697863451, 49.8503846316 ], [ 4.7695039442, 49.8505528988 ], [ 4.7696042144, 49.8506310616 ], [ 4.769536575, 49.8506683453 ] ] ] ] } },
{ "type": "Feature", "properties": { "fid": 113, "FRICHE": "Deville Hermès", "COMMUNE": "Charleville-Mézières", "site_id": "08105_02", "proprio_type": "F2a|P3a", "unite_fonciere_surface": 20713, "unite_fonciere_refcad": "08105000AO0110|08105000AO0558|08105000AO0559", "idprocpte": "08105+05393|08105+04041", "geompoint": "Point (4.728384 49.774654)", "proprio_personne": "personne morale", "surf_calc": 20729, "proprio_nom": "DEPARTEMENT DES ARDENNES|ETABLISSEMENT PUBLIC FONCIER DE GRAND EST" }, "geometry": { "type": "MultiPolygon", "coordinates": [ [ [ [ 4.7286759, 49.7738504 ], [ 4.7271336, 49.7742506 ], [ 4.727347, 49.7746004 ], [ 4.7273721, 49.7746413 ], [ 4.7273724, 49.7746419 ], [ 4.7274041, 49.7746936 ], [ 4.7275419, 49.7749193 ], [ 4.7276088, 49.7749885 ], [ 4.7276595, 49.7750315 ], [ 4.7279721, 49.7752981 ], [ 4.7281724, 49.7752446 ], [ 4.7282909, 49.775442 ], [ 4.728521, 49.7754864 ], [ 4.7288586, 49.7754347 ], [ 4.7290902, 49.7754031 ], [ 4.7291405, 49.7753941 ], [ 4.7296691, 49.7752787 ], [ 4.7297067, 49.7753386 ], [ 4.7298073, 49.7753095 ], [ 4.7297727, 49.7752551 ], [ 4.7295789, 49.7749513 ], [ 4.7295244, 49.7748664 ], [ 4.7292824, 49.7744871 ], [ 4.7292996, 49.7744579 ], [ 4.729166, 49.7744908 ], [ 4.7287772, 49.7738766 ], [ 4.7286759, 49.7738504 ] ] ] ] } },
{ "type": "Feature", "properties": { "fid": 114, "FRICHE": "Deville Bâtiments blancs", "COMMUNE": "Charleville-Mézières", "site_id": "08105_03", "proprio_type": "F2a", "unite_fonciere_surface": 11438, "unite_fonciere_refcad": "08105000AO0111", "idprocpte": "08105+05393", "geompoint": "Point (4.730263 49.77471)", "proprio_personne": "personne morale", "surf_calc": 11419, "proprio_nom": "ETABLISSEMENT PUBLIC FONCIER DE GRAND EST" }, "geometry": { "type": "MultiPolygon", "coordinates": [ [ [ [ 4.7292996, 49.7744579 ], [ 4.7310957, 49.7740163 ], [ 4.7311149, 49.7740505 ], [ 4.7313274, 49.7744334 ], [ 4.7313755, 49.7745201 ], [ 4.731391, 49.7745478 ], [ 4.7303892, 49.7750557 ], [ 4.7297727, 49.7752551 ], [ 4.7295789, 49.7749513 ], [ 4.7295244, 49.7748664 ], [ 4.7292824, 49.7744871 ], [ 4.7292996, 49.7744579 ] ] ] ] } },
{ "type": "Feature", "properties": { "fid": 115, "FRICHE": "École normale", "COMMUNE": "Charleville-Mézières", "site_id": "08105_04", "proprio_type": "G2a", "unite_fonciere_surface": 7435, "unite_fonciere_refcad": "08105000AK1054", "idprocpte": "08105*01222", "geompoint": "Point (4.717914 49.777108)", "proprio_personne": "personne morale", "surf_calc": 7427, "proprio_nom": "COPROPRIETE" }, "geometry": { "type": "MultiPolygon", "coordinates": [ [ [ [ 4.7184182, 49.7764533 ], [ 4.7185475, 49.776558 ], [ 4.7185428, 49.77656 ], [ 4.7185284, 49.7765672 ], [ 4.718609, 49.7766346 ], [ 4.7187745, 49.7767779 ], [ 4.7187886, 49.7767902 ], [ 4.7187692, 49.7767986 ], [ 4.7187746, 49.7768036 ], [ 4.7188639, 49.7768842 ], [ 4.718895, 49.7769122 ], [ 4.7184758, 49.7771248 ], [ 4.71817, 49.7772753 ], [ 4.7179748, 49.7773752 ], [ 4.7176141, 49.7777575 ], [ 4.7176062, 49.7777556 ], [ 4.7175579, 49.7774189 ], [ 4.7174999, 49.7773301 ], [ 4.7174139, 49.7772322 ], [ 4.7173507, 49.7771671 ], [ 4.7172784, 49.7770929 ], [ 4.7172406, 49.7770552 ], [ 4.7171936, 49.7770087 ], [ 4.7172703, 49.7769769 ], [ 4.7173764, 49.7769239 ], [ 4.7184182, 49.7764533 ] ] ] ] } },
{ "type": "Feature", "properties": { "fid": 116, "FRICHE": "Shopi", "COMMUNE": "Charleville-Mézières", "site_id": "08105_05", "proprio_type": "P5a", "unite_fonciere_surface": 1190, "unite_fonciere_refcad": "08105000AZ0404", "idprocpte": "08105+03773", "geompoint": "Point (4.708935 49.782942)", "proprio_personne": "personne morale", "surf_calc": 1163, "proprio_nom": "COMMUNE DE CHARLEVILLE-MEZIERES" }, "geometry": { "type": "MultiPolygon", "coordinates": [ [ [ [ 4.7085428, 49.7829412 ], [ 4.709203, 49.782755 ], [ 4.7093269, 49.7829428 ], [ 4.7091961, 49.7829795 ], [ 4.7091803, 49.7830016 ], [ 4.7091319, 49.7829974 ], [ 4.7090971, 49.7830071 ], [ 4.7087949, 49.7830918 ], [ 4.7086773, 49.7831249 ], [ 4.7086664, 49.7831081 ], [ 4.7085773, 49.7829732 ], [ 4.7085656, 49.7829765 ], [ 4.7085507, 49.7829535 ], [ 4.7085428, 49.7829412 ] ] ] ] } },
{ "type": "Feature", "properties": { "fid": 117, "FRICHE": "Ancienne triperie", "COMMUNE": "Charleville-Mézières", "site_id": "08105_08", "proprio_type": "P5a", "unite_fonciere_surface": 14783, "unite_fonciere_refcad": "08105000AP0217|08105000AP0294", "idprocpte": "08105+03773", "geompoint": "Point (4.730704 49.769265)", "proprio_personne": "personne morale", "surf_calc": 717, "proprio_nom": "COMMUNE DE CHARLEVILLE-MEZIERES" }, "geometry": { "type": "MultiPolygon", "coordinates": [ [ [ [ 4.7303639303, 49.7692981624 ], [ 4.7304363812, 49.7693931127 ], [ 4.7305546017, 49.7693562961 ], [ 4.730573226, 49.7693818238 ], [ 4.7307427495, 49.7693275632 ], [ 4.7310443325, 49.769231346 ], [ 4.7310509195, 49.7692291855 ], [ 4.7309396781, 49.7690827528 ], [ 4.7308101575, 49.7691259312 ], [ 4.7308271146, 49.7691513926 ], [ 4.7306522195, 49.769206808 ], [ 4.7303639303, 49.7692981624 ] ] ] ] } },
{ "type": "Feature", "properties": { "fid": 118, "FRICHE": "FAV-LCAB", "COMMUNE": "Bogny-sur-Meuse", "site_id": "08081_03", "proprio_type": "P4a", "unite_fonciere_surface": 26052, "unite_fonciere_refcad": "08081000AN0029|08081000AN0033|08081000AN0034|08081000AN0035|08081000AN0036|08081000AN0395|08081000AN0398|08081000AN0400|08081000AN0404|08081000AN0477", "idprocpte": "08081+00529", "geompoint": "Point (4.756473 49.862137)", "proprio_personne": "personne morale", "surf_calc": 25951, "proprio_nom": "CC VALLEES ET PLATEAU D'ARDENNE" }, "geometry": { "type": "MultiPolygon", "coordinates": [ [ [ [ 4.7560142, 49.8618969 ], [ 4.7558652, 49.8619269 ], [ 4.755797, 49.8619384 ], [ 4.7555077, 49.8619844 ], [ 4.7552022, 49.8620359 ], [ 4.7549899, 49.8620685 ], [ 4.7549156, 49.8620767 ], [ 4.7547473, 49.8620882 ], [ 4.7546892, 49.8621832 ], [ 4.7543451, 49.8624481 ], [ 4.7541478, 49.8626008 ], [ 4.7544457, 49.8626694 ], [ 4.754495, 49.8626762 ], [ 4.7548785, 49.862728 ], [ 4.7549384, 49.8627119 ], [ 4.7549722, 49.8627051 ], [ 4.7550254, 49.8627014 ], [ 4.7551209, 49.8627095 ], [ 4.7551545, 49.8627118 ], [ 4.7552773, 49.8627327 ], [ 4.7555552, 49.8627535 ], [ 4.7555922, 49.8627554 ], [ 4.7559041, 49.8627322 ], [ 4.755952, 49.8627283 ], [ 4.7560868, 49.8627186 ], [ 4.7562301, 49.8627104 ], [ 4.7562828, 49.862706 ], [ 4.7565503, 49.8626886 ], [ 4.7566155, 49.8626836 ], [ 4.7566919, 49.8626815 ], [ 4.757024, 49.8626713 ], [ 4.7573306, 49.862662 ], [ 4.7576371, 49.8626525 ], [ 4.7582487, 49.8626337 ], [ 4.7582781, 49.8626329 ], [ 4.7583338, 49.8626286 ], [ 4.7583722, 49.8626257 ], [ 4.7584048, 49.8626235 ], [ 4.7582878, 49.8623612 ], [ 4.7581995, 49.8621671 ], [ 4.758231, 49.8621505 ], [ 4.7582389, 49.8621446 ], [ 4.7582527, 49.8621385 ], [ 4.7582369, 49.8620907 ], [ 4.7582167, 49.862029 ], [ 4.7581673, 49.8618742 ], [ 4.7579377, 49.861697 ], [ 4.7577626, 49.861561 ], [ 4.7577021, 49.8615162 ], [ 4.7575824, 49.8615474 ], [ 4.7575489, 49.8615553 ], [ 4.7573484, 49.8616068 ], [ 4.757163, 49.8616533 ], [ 4.7569587, 49.861702 ], [ 4.756798, 49.8617313 ], [ 4.7565427, 49.8617851 ], [ 4.7560142, 49.8618969 ] ] ] ] } },
{ "type": "Feature", "properties": { "fid": 119, "FRICHE": "Atelier Janves Château Regnault", "COMMUNE": "Bogny-sur-Meuse", "site_id": "08081_01", "proprio_type": "P4a|P3a", "unite_fonciere_surface": 13187, "unite_fonciere_refcad": "08081000AC0051|08081000AC0063|08081000AC0064|08081000AC0065|08081000AC0066|08081000AC0067|08081000AC0068|08081000AC0072|08081000AC0298|08081000AC0314|08081000AC0315|08081000AC0316|08081000AC0317|08081000AC0318|08081000AC0319|08081000AC0320|08081000AC0321|08081000AC0322|08081000AC0323", "idprocpte": "08081+00460|08081+00333", "geompoint": "Point (4.745443 49.85909)", "proprio_personne": "personne morale", "surf_calc": 13198, "proprio_nom": "COMMUNAUTE DE COMMUNES VAL ET PLATEAU D'ARDENNE|DEPARTEMENT DES ARDENNES" }, "geometry": { "type": "MultiPolygon", "coordinates": [ [ [ [ 4.7443952, 49.8587512 ], [ 4.7443275, 49.8588018 ], [ 4.7443216, 49.8588012 ], [ 4.7442064, 49.8588756 ], [ 4.7442021, 49.858916 ], [ 4.7442384, 49.8589374 ], [ 4.7443267, 49.8589905 ], [ 4.7444149, 49.8590428 ], [ 4.7445114, 49.8591007 ], [ 4.7446128, 49.8591605 ], [ 4.7447137, 49.8592195 ], [ 4.7448149, 49.8592784 ], [ 4.7449538, 49.8593602 ], [ 4.7450626, 49.8594181 ], [ 4.745168, 49.8594742 ], [ 4.7452772, 49.8595325 ], [ 4.7454025, 49.8595928 ], [ 4.7454987, 49.8596403 ], [ 4.7456075, 49.8596961 ], [ 4.7455933, 49.8597077 ], [ 4.7457037, 49.8597624 ], [ 4.7457196, 49.8597482 ], [ 4.745752, 49.8597206 ], [ 4.7458251, 49.8596569 ], [ 4.7459264, 49.8595681 ], [ 4.7460155, 49.8594906 ], [ 4.7460888, 49.8594273 ], [ 4.7461705, 49.8593556 ], [ 4.7462531, 49.8592836 ], [ 4.7463126, 49.8592321 ], [ 4.746356, 49.8591952 ], [ 4.7462815, 49.8591571 ], [ 4.7462592, 49.859146 ], [ 4.7463312, 49.8590861 ], [ 4.7464224, 49.8590098 ], [ 4.7463599, 49.8589412 ], [ 4.746356, 49.8589369 ], [ 4.7463653, 49.8588554 ], [ 4.7463658, 49.8588199 ], [ 4.7463498, 49.8588134 ], [ 4.7462984, 49.8587923 ], [ 4.7462194, 49.8587579 ], [ 4.7460847, 49.8587008 ], [ 4.7458808, 49.8586134 ], [ 4.7457986, 49.8585773 ], [ 4.7456665, 49.8585206 ], [ 4.7455881, 49.8585938 ], [ 4.745483, 49.8586899 ], [ 4.7453386, 49.85862 ], [ 4.7452536, 49.8585771 ], [ 4.7451474, 49.858525 ], [ 4.745039, 49.8584719 ], [ 4.7449793, 49.8584436 ], [ 4.7448849, 49.8583979 ], [ 4.744879, 49.8584028 ], [ 4.7448586, 49.8584172 ], [ 4.7448551, 49.8584197 ], [ 4.7448143, 49.8584493 ], [ 4.7447524, 49.8584949 ], [ 4.7446934, 49.8585369 ], [ 4.7446305, 49.8585823 ], [ 4.7445283, 49.8586553 ], [ 4.7444875, 49.8586865 ], [ 4.7444548, 49.8587091 ], [ 4.7444346, 49.8587234 ], [ 4.7443952, 49.8587512 ] ] ] ] } },
{ "type": "Feature", "properties": { "fid": 120, "FRICHE": "Buffet de la gare", "COMMUNE": "Charleville-Mézières", "site_id": "08105_12", "proprio_type": "R2a", "unite_fonciere_surface": 603, "unite_fonciere_refcad": "08105000AP0304|08105000AP0305", "idprocpte": "08105+03196", "geompoint": "Point (4.72477 49.767534)", "proprio_personne": "personne morale", "surf_calc": 600, "proprio_nom": "SNCF RESEAU" }, "geometry": { "type": "MultiPolygon", "coordinates": [ [ [ [ 4.7249987, 49.7675922 ], [ 4.7250046, 49.7675909 ], [ 4.7249476, 49.7674885 ], [ 4.7249432, 49.7674895 ], [ 4.7249045, 49.7674193 ], [ 4.7246948, 49.7674677 ], [ 4.7246828, 49.767446 ], [ 4.7246291, 49.7674584 ], [ 4.7246276, 49.7674557 ], [ 4.7245355, 49.7674769 ], [ 4.72455, 49.7675026 ], [ 4.7245492, 49.7675028 ], [ 4.7245866, 49.7675706 ], [ 4.7245848, 49.7675709 ], [ 4.7246051, 49.7676074 ], [ 4.7245901, 49.7676109 ], [ 4.7246093, 49.7676452 ], [ 4.7246242, 49.7676417 ], [ 4.7246446, 49.7676785 ], [ 4.7246612, 49.7676746 ], [ 4.7246604, 49.7676729 ], [ 4.7247995, 49.7676406 ], [ 4.7247982, 49.7676382 ], [ 4.7249095, 49.7676127 ], [ 4.7249987, 49.7675922 ] ] ] ] } },
{ "type": "Feature", "properties": { "fid": 121, "FRICHE": "Terrain rue de la Vieille Meuse", "COMMUNE": "Charleville-Mézières", "site_id": "08105_18", "proprio_type": "P5a", "unite_fonciere_surface": 1036, "unite_fonciere_refcad": "08105000CR0373|08105000CR0393|08105000CR0403", "idprocpte": "08105+03773", "geompoint": "Point (4.711561 49.757016)", "proprio_personne": "personne morale", "surf_calc": 1030, "proprio_nom": "COMMUNE DE CHARLEVILLE-MEZIERES" }, "geometry": { "type": "MultiPolygon", "coordinates": [ [ [ [ 4.7114828, 49.7572053 ], [ 4.7116636, 49.7571983 ], [ 4.7117456, 49.7571952 ], [ 4.7118082, 49.7571929 ], [ 4.7117938, 49.7571403 ], [ 4.7117769, 49.7570793 ], [ 4.7117722, 49.7570621 ], [ 4.711764, 49.7570322 ], [ 4.7117535, 49.7569939 ], [ 4.7117256, 49.7568921 ], [ 4.7117171, 49.7568616 ], [ 4.7114197, 49.75688 ], [ 4.7114053, 49.7568811 ], [ 4.7113914, 49.7568836 ], [ 4.7113807, 49.756887 ], [ 4.7113664, 49.7568937 ], [ 4.7113596, 49.756898 ], [ 4.7113534, 49.7569036 ], [ 4.7113487, 49.7569096 ], [ 4.7113457, 49.7569158 ], [ 4.7113438, 49.7569235 ], [ 4.7113432, 49.7569307 ], [ 4.7113428, 49.7569414 ], [ 4.711344, 49.7569506 ], [ 4.7113813, 49.7570829 ], [ 4.7114165, 49.7572077 ], [ 4.7114828, 49.7572053 ] ] ] ] } },
{ "type": "Feature", "properties": { "fid": 122, "FRICHE": "Société VMI", "COMMUNE": "Château-Porcien", "site_id": "08107_01", "proprio_type": "Z2b", "unite_fonciere_surface": 2608, "unite_fonciere_refcad": "08107000AE0451", "idprocpte": "08107+00169", "geompoint": "Point (4.25338 49.532186)", "proprio_personne": "personne morale", "surf_calc": 2597, "proprio_nom": "_X_" }, "geometry": { "type": "MultiPolygon", "coordinates": [ [ [ [ 4.2529718, 49.5322479 ], [ 4.2532833, 49.5319193 ], [ 4.2535167, 49.5320375 ], [ 4.2536347, 49.5320947 ], [ 4.2536285, 49.5320998 ], [ 4.2536089, 49.5321164 ], [ 4.2536257, 49.5321254 ], [ 4.2539599, 49.5323032 ], [ 4.2541029, 49.5323793 ], [ 4.2541057, 49.5323807 ], [ 4.2540501, 49.5324166 ], [ 4.2539884, 49.5324518 ], [ 4.2538995, 49.5324988 ], [ 4.2538616, 49.5325079 ], [ 4.2537896, 49.5325208 ], [ 4.2537596, 49.532521 ], [ 4.2537033, 49.5325149 ], [ 4.2536661, 49.532503 ], [ 4.2534692, 49.5324307 ], [ 4.2532033, 49.5323348 ], [ 4.2529718, 49.5322479 ] ] ] ] } },
{ "type": "Feature", "properties": { "fid": 123, "FRICHE": "Coopérative laitière agricole du nord des Ardennes", "COMMUNE": "Dom-le-Mesnil", "site_id": "08140_01", "proprio_type": "X1a|Z2b", "unite_fonciere_surface": 8469, "unite_fonciere_refcad": "08140000AD0090|08140000AD0091|08140000AD0093|08140000AD0094|08140000AD0095|08140000AD0237|08140000AD0238|08140000AD0401|08140000AD0405|08140000AD0407|08140000AD0439|08140000AD0440|08140000AD0458|08140000AD0459|08140000AD0460|08140000AD0461|08140000AD0462|08140000AD0463", "idprocpte": "08140C00090|08140D00254|08140+00092|08140G00100|08140M00176|08140G00077", "geompoint": "Point (4.814277 49.687991)", "proprio_personne": "personne morale|personne physique", "surf_calc": 8447, "proprio_nom": "_X_" }, "geometry": { "type": "MultiPolygon", "coordinates": [ [ [ [ 4.8138029, 49.6876944 ], [ 4.8137731, 49.6876934 ], [ 4.8136632, 49.687691 ], [ 4.813213, 49.6876892 ], [ 4.8131644, 49.6876947 ], [ 4.8131404, 49.6877071 ], [ 4.8131271, 49.6877234 ], [ 4.8131188, 49.6877453 ], [ 4.8131264, 49.6877603 ], [ 4.8132792, 49.6879194 ], [ 4.8134226, 49.688068 ], [ 4.813573, 49.6882235 ], [ 4.8136605, 49.6883122 ], [ 4.8137491, 49.6884007 ], [ 4.8138175, 49.6883715 ], [ 4.8139297, 49.6883241 ], [ 4.8139788, 49.6883762 ], [ 4.8139992, 49.6883943 ], [ 4.8140637, 49.6883793 ], [ 4.8140805, 49.6883777 ], [ 4.8144538, 49.688302 ], [ 4.8144961, 49.6882941 ], [ 4.8148465, 49.6882224 ], [ 4.815058, 49.6881827 ], [ 4.815198, 49.6881513 ], [ 4.8152283, 49.6881382 ], [ 4.8152557, 49.6881101 ], [ 4.8152692, 49.6880848 ], [ 4.8152667, 49.688062 ], [ 4.8152657, 49.6880522 ], [ 4.8152508, 49.6880303 ], [ 4.815135, 49.6879253 ], [ 4.814961, 49.6877621 ], [ 4.8149231, 49.687725 ], [ 4.8148464, 49.6877221 ], [ 4.814649, 49.6877144 ], [ 4.8144184, 49.6877094 ], [ 4.8142823, 49.6877078 ], [ 4.8142416, 49.6877054 ], [ 4.8139179, 49.6876974 ], [ 4.8138029, 49.6876944 ] ] ] ] } },
{ "type": "Feature", "properties": { "fid": 124, "FRICHE": "Filature Oudin", "COMMUNE": "La Ferté-sur-Chiers", "site_id": "08168_01", "proprio_type": "M1a", "unite_fonciere_surface": 20203, "unite_fonciere_refcad": "08168000AA0209|08168000AA0210|08168000AA0211|08168000AA0212|08168000ZA0029", "idprocpte": "08168+00022", "geompoint": "Point (5.240503 49.575506)", "proprio_personne": "personne morale", "surf_calc": 20240, "proprio_nom": "_X_" }, "geometry": { "type": "MultiPolygon", "coordinates": [ [ [ [ 5.2376732, 49.5753803 ], [ 5.2377463, 49.5754576 ], [ 5.2378668, 49.5755606 ], [ 5.237913, 49.5755837 ], [ 5.2380417, 49.5756481 ], [ 5.2381642, 49.5756979 ], [ 5.2382535, 49.5757357 ], [ 5.2384059, 49.5756 ], [ 5.238484, 49.5754884 ], [ 5.2389399, 49.5753641 ], [ 5.2398189, 49.5751245 ], [ 5.2400883, 49.5750329 ], [ 5.2401515, 49.5749861 ], [ 5.2401916, 49.574971 ], [ 5.2402245, 49.5749616 ], [ 5.2402694, 49.5749516 ], [ 5.240301, 49.5749476 ], [ 5.2403695, 49.5749482 ], [ 5.2404633, 49.574956 ], [ 5.2404913, 49.5749524 ], [ 5.2405205, 49.5749384 ], [ 5.2405374, 49.5749178 ], [ 5.2405642, 49.5748316 ], [ 5.2405801, 49.5746922 ], [ 5.2406543, 49.5744024 ], [ 5.2406631, 49.5743684 ], [ 5.2406598, 49.5743307 ], [ 5.2405819, 49.5743341 ], [ 5.2405432, 49.5744496 ], [ 5.2394149, 49.5745837 ], [ 5.2393545, 49.5745918 ], [ 5.2390173, 49.5746608 ], [ 5.2377641, 49.5746177 ], [ 5.2377522, 49.5747822 ], [ 5.237566, 49.5747687 ], [ 5.2375249, 49.5750926 ], [ 5.2376036, 49.5752853 ], [ 5.2376732, 49.5753803 ] ] ], [ [ [ 5.2410584, 49.5750934 ], [ 5.2411926, 49.574902 ], [ 5.2411199, 49.5748747 ], [ 5.24097, 49.5748545 ], [ 5.2409201, 49.5748714 ], [ 5.2408635, 49.5749109 ], [ 5.2408192, 49.5749637 ], [ 5.2407964, 49.5750311 ], [ 5.2407509, 49.5750992 ], [ 5.2407244, 49.5751513 ], [ 5.2406831, 49.5751577 ], [ 5.2406603, 49.5752287 ], [ 5.2406348, 49.575309 ], [ 5.2406757, 49.5754287 ], [ 5.2404194, 49.5754637 ], [ 5.2403946, 49.5753894 ], [ 5.2403387, 49.5753992 ], [ 5.2402477, 49.5754383 ], [ 5.2401268, 49.5754532 ], [ 5.2401265, 49.5754591 ], [ 5.2401058, 49.5754602 ], [ 5.24009, 49.5754789 ], [ 5.2401025, 49.5754986 ], [ 5.2401452, 49.5755003 ], [ 5.240169, 49.5755769 ], [ 5.240176, 49.5755982 ], [ 5.2402629, 49.5755872 ], [ 5.2402684, 49.5756059 ], [ 5.2404057, 49.5756072 ], [ 5.2405025, 49.575638 ], [ 5.2405534, 49.5756419 ], [ 5.2407266, 49.5756172 ], [ 5.2407702, 49.5756024 ], [ 5.2408723, 49.5755397 ], [ 5.2409883, 49.5754685 ], [ 5.2410741, 49.5754159 ], [ 5.241169, 49.5753594 ], [ 5.241105, 49.5752847 ], [ 5.2410581, 49.5752297 ], [ 5.2410246, 49.575169 ], [ 5.2410858, 49.5751477 ], [ 5.2410706, 49.5751255 ], [ 5.241059, 49.5751082 ], [ 5.2410584, 49.5750934 ] ] ] ] } },
{ "type": "Feature", "properties": { "fid": 125, "FRICHE": "Ancienne usine Vynex", "COMMUNE": "Flize", "site_id": "08173_02", "proprio_type": "M1a", "unite_fonciere_surface": 12431, "unite_fonciere_refcad": "081730420B0063|081730420B0065|081730420B0066|081730420B0067|081730420B0558|081730420B0559|081730420B0560|081730420B0561|081730420B0562|081730420B0563|081730420B0564|081730420B0565|081730420B0566|081730420B0567|081730420B0568|081730420B0569|081730420B0570|081730420B0571|081730420B0572|081730420B0573|081730420B0574|081730420B0575", "idprocpte": "08173+00149|08173+00138", "geompoint": "Point (4.745385 49.673651)", "proprio_personne": "personne morale", "surf_calc": 12623, "proprio_nom": "_X_" }, "geometry": { "type": "MultiPolygon", "coordinates": [ [ [ [ 4.7447769, 49.6739248 ], [ 4.7448475, 49.6739444 ], [ 4.7449294, 49.6739511 ], [ 4.7450317, 49.6739535 ], [ 4.7453445, 49.6739633 ], [ 4.745414, 49.6739683 ], [ 4.745484, 49.6739814 ], [ 4.7455256, 49.6739947 ], [ 4.7456321, 49.6740278 ], [ 4.7457231, 49.6740518 ], [ 4.7459321, 49.674085 ], [ 4.7461043, 49.6741138 ], [ 4.7465308, 49.6740807 ], [ 4.7470603, 49.674044 ], [ 4.7471502, 49.6737985 ], [ 4.7471661, 49.6737557 ], [ 4.747032, 49.673731 ], [ 4.7465335, 49.6736609 ], [ 4.7460858, 49.6736015 ], [ 4.7459703, 49.6735876 ], [ 4.7458772, 49.6735764 ], [ 4.745375, 49.6735124 ], [ 4.7451199, 49.6734821 ], [ 4.7450028, 49.6734701 ], [ 4.744922, 49.6734618 ], [ 4.7447842, 49.6734451 ], [ 4.7443706, 49.6734139 ], [ 4.7441938, 49.6734003 ], [ 4.7439812, 49.673384 ], [ 4.7436109, 49.6733571 ], [ 4.7430806, 49.673316 ], [ 4.7426534, 49.6732758 ], [ 4.7423459, 49.6732459 ], [ 4.7423219, 49.6732421 ], [ 4.7422994, 49.67334 ], [ 4.7423397, 49.6733436 ], [ 4.742609, 49.673372 ], [ 4.7426005, 49.6733885 ], [ 4.7425316, 49.6733786 ], [ 4.7424537, 49.6733776 ], [ 4.7422943, 49.673362 ], [ 4.7418755, 49.6733202 ], [ 4.7416236, 49.6732605 ], [ 4.7415879, 49.6733222 ], [ 4.7418481, 49.673347 ], [ 4.7422093, 49.6733837 ], [ 4.7425677, 49.6734195 ], [ 4.7427605, 49.6734368 ], [ 4.7431428, 49.6734282 ], [ 4.7434127, 49.6734171 ], [ 4.7435248, 49.673417 ], [ 4.7436266, 49.6734198 ], [ 4.7437189, 49.6734287 ], [ 4.7438895, 49.6734453 ], [ 4.7440356, 49.6734632 ], [ 4.7440565, 49.6735684 ], [ 4.7441059, 49.673838 ], [ 4.7441536, 49.6738369 ], [ 4.7442255, 49.6738181 ], [ 4.744332, 49.6738034 ], [ 4.7443866, 49.67379 ], [ 4.7444246, 49.6737775 ], [ 4.744441, 49.6737648 ], [ 4.7444389, 49.6737529 ], [ 4.7444075, 49.6737127 ], [ 4.7443178, 49.6736046 ], [ 4.7442759, 49.6735542 ], [ 4.7443071, 49.6735506 ], [ 4.7443511, 49.6735982 ], [ 4.7443896, 49.6736398 ], [ 4.7444995, 49.6737641 ], [ 4.7445779, 49.6738281 ], [ 4.7446196, 49.6738522 ], [ 4.7446938, 49.6738924 ], [ 4.7447769, 49.6739248 ] ] ], [ [ [ 4.744859, 49.6733467 ], [ 4.7449142, 49.6733526 ], [ 4.7448697, 49.673299 ], [ 4.7448058, 49.6732948 ], [ 4.7446845, 49.6732871 ], [ 4.7446072, 49.6732822 ], [ 4.744325, 49.6732643 ], [ 4.7442633, 49.6732691 ], [ 4.7442241, 49.6732907 ], [ 4.7442067, 49.6733004 ], [ 4.7442035, 49.6733239 ], [ 4.7444026, 49.6733325 ], [ 4.7446525, 49.6733472 ], [ 4.7447493, 49.6733484 ], [ 4.7447925, 49.6733478 ], [ 4.744859, 49.6733467 ] ] ] ] } },
{ "type": "Feature", "properties": { "fid": 127, "FRICHE": "Ardenity - batiment à trois niveaux", "COMMUNE": "Givet", "site_id": "08190_04", "proprio_type": "P4a", "unite_fonciere_surface": 2518, "unite_fonciere_refcad": "08190000AY0092", "idprocpte": "08190+00635", "geompoint": "Point (4.816587 50.140856)", "proprio_personne": "personne morale", "surf_calc": 2484, "proprio_nom": "COMMUNAUTE COMMUNES ARDENNE RIVES MEUSE" }, "geometry": { "type": "MultiPolygon", "coordinates": [ [ [ [ 4.8164192, 50.1413154 ], [ 4.816408, 50.1411769 ], [ 4.8163636, 50.14102 ], [ 4.8162844, 50.1407003 ], [ 4.8162712, 50.1406474 ], [ 4.8165396, 50.1406179 ], [ 4.8165967, 50.1406117 ], [ 4.8168438, 50.140583 ], [ 4.8168542, 50.141082 ], [ 4.8167868, 50.1411435 ], [ 4.8167381, 50.141188 ], [ 4.8167071, 50.1412162 ], [ 4.8166884, 50.1412251 ], [ 4.8164192, 50.1413154 ] ] ] ] } },
{ "type": "Feature", "properties": { "fid": 128, "FRICHE": "Emplacement ancienne gare du Châtelet", "COMMUNE": "Le Châtelet-sur-Retourne", "site_id": "08111_01", "proprio_type": "R2a", "unite_fonciere_surface": 17338, "unite_fonciere_refcad": "08111000AA0061|08111000AA0062|08111000AA0063", "idprocpte": "08111+00088", "geompoint": "Point (4.280236 49.419791)", "proprio_personne": "personne morale", "surf_calc": 10964, "proprio_nom": "SOCIETE NATIONALE SNCF" }, "geometry": { "type": "MultiPolygon", "coordinates": [ [ [ [ 4.2804795, 49.4208428 ], [ 4.2807554, 49.4211863 ], [ 4.2810322, 49.4215877 ], [ 4.2810508, 49.4216593 ], [ 4.2811046, 49.4216504 ], [ 4.2797146, 49.4180347 ], [ 4.2795087, 49.418197 ], [ 4.2796067, 49.4183947 ], [ 4.2797314, 49.4185327 ], [ 4.27979, 49.4187015 ], [ 4.2797281, 49.4187492 ], [ 4.2797179, 49.4187732 ], [ 4.2797327, 49.4188093 ], [ 4.2796287, 49.4188261 ], [ 4.279487, 49.4185161 ], [ 4.2794198, 49.4186767 ], [ 4.2794407, 49.418729 ], [ 4.2795408, 49.4189808 ], [ 4.2796884, 49.419355 ], [ 4.2798547, 49.4197741 ], [ 4.2798717, 49.4198167 ], [ 4.2797136, 49.4199374 ], [ 4.279998, 49.4201341 ], [ 4.2800172, 49.4201827 ], [ 4.2804795, 49.4208428 ] ] ] ] } },
{ "type": "Feature", "properties": { "fid": 129, "FRICHE": "Gare de Margut-Fromy", "COMMUNE": "Fromy", "site_id": "08184_01", "proprio_type": "R2a", "unite_fonciere_surface": 7055, "unite_fonciere_refcad": "08184000AE0133", "idprocpte": "08184+00014", "geompoint": "Point (5.257137 49.59086)", "proprio_personne": "personne morale", "surf_calc": 3521, "proprio_nom": "SOCIETE NATIONALE SNCF" }, "geometry": { "type": "MultiPolygon", "coordinates": [ [ [ [ 5.2565324793, 49.5911850607 ], [ 5.2578507494, 49.5904360969 ], [ 5.2580738, 49.5907083 ], [ 5.2576016, 49.5909827 ], [ 5.257169, 49.5912405 ], [ 5.2570122, 49.5910916 ], [ 5.2567677, 49.5912094 ], [ 5.2566563, 49.5912677 ], [ 5.2565324793, 49.5911850607 ] ] ] ] } },
{ "type": "Feature", "properties": { "fid": 130, "FRICHE": "Gare de triage de Nouvion", "COMMUNE": "Nouvion-sur-Meuse", "site_id": "08327_01", "proprio_type": "R2a", "unite_fonciere_surface": 473094, "unite_fonciere_refcad": "08327000AE0282|08327000AH0258", "idprocpte": "08327+00118", "geompoint": "Point (4.783528 49.705591)", "proprio_personne": "personne morale", "surf_calc": 231379, "proprio_nom": "SOCIETE NATIONALE SNCF" }, "geometry": { "type": "MultiPolygon", "coordinates": [ [ [ [ 4.7821644383, 49.7129199478 ], [ 4.7811307808, 49.7129319404 ], [ 4.7808869724, 49.7123824718 ], [ 4.7807406683, 49.7119271434 ], [ 4.7807305738, 49.7117063902 ], [ 4.7807999487, 49.7112698402 ], [ 4.7808417256, 49.7110122945 ], [ 4.7818786784, 49.7072088937 ], [ 4.7832506602, 49.7045677402 ], [ 4.7826955047, 49.7044295097 ], [ 4.783007, 49.7039938 ], [ 4.7831142, 49.7036313 ], [ 4.7834858, 49.702309 ], [ 4.7835928, 49.7019829 ], [ 4.7836212, 49.7019201 ], [ 4.7837095, 49.7017502 ], [ 4.7839302, 49.7014334 ], [ 4.7840291, 49.7013263 ], [ 4.78404, 49.7013398 ], [ 4.7840423, 49.7013582 ], [ 4.7840184, 49.7013928 ], [ 4.7837086, 49.7018105 ], [ 4.7837277, 49.7018266 ], [ 4.7837419, 49.7018358 ], [ 4.783751, 49.7018392 ], [ 4.783762, 49.7018245 ], [ 4.783739, 49.7018069 ], [ 4.7838617, 49.7016467 ], [ 4.7840762, 49.7013602 ], [ 4.7840631, 49.7013143 ], [ 4.7840513, 49.7013027 ], [ 4.7851617, 49.7001573 ], [ 4.7855769, 49.6997172 ], [ 4.7857826, 49.6995339 ], [ 4.7863594, 49.6991146 ], [ 4.7867887, 49.6989094 ], [ 4.7872881, 49.698771 ], [ 4.7893162, 49.6983604 ], [ 4.7899815, 49.6982226 ], [ 4.7901463, 49.698185 ], [ 4.7904013, 49.6981271 ], [ 4.7905345, 49.6980965 ], [ 4.7905670664, 49.6980886679 ], [ 4.7907315494, 49.6983039375 ], [ 4.7904315837, 49.6984289865 ], [ 4.7899819334, 49.6986251709 ], [ 4.7895114278, 49.6988467273 ], [ 4.7888763567, 49.6991976033 ], [ 4.788550966, 49.6994248564 ], [ 4.7878963316, 49.6999076169 ], [ 4.7874791732, 49.7002740842 ], [ 4.7871511269, 49.7005640399 ], [ 4.7867778516, 49.7009423936 ], [ 4.7865535123, 49.701158757 ], [ 4.7862195124, 49.7015553325 ], [ 4.7859236995, 49.7019388129 ], [ 4.7857065836, 49.7022240029 ], [ 4.7854746, 49.7026147 ], [ 4.7851774683, 49.7031216448 ], [ 4.7849859904, 49.7035881931 ], [ 4.7848048217, 49.7040733899 ], [ 4.7846554869, 49.7045017187 ], [ 4.7840428979, 49.7066100573 ], [ 4.7828059466, 49.7107704795 ], [ 4.7827644134, 49.7109653554 ], [ 4.7826898055, 49.7113205165 ], [ 4.7824391654, 49.7120323228 ], [ 4.7821644383, 49.7129199478 ] ] ] ] } },
{ "type": "Feature", "properties": { "fid": 131, "FRICHE": "Emplacement ancien Intermarché", "COMMUNE": "Nouzonville", "site_id": "08328_03", "proprio_type": "P5a", "unite_fonciere_surface": 2977, "unite_fonciere_refcad": "08328000AO0042|08328000AO0043", "idprocpte": "08328+00391", "geompoint": "Point (4.74282 49.812605)", "proprio_personne": "personne morale", "surf_calc": 3057, "proprio_nom": "COMMUNE DE NOUZONVILLE" }, "geometry": { "type": "MultiPolygon", "coordinates": [ [ [ [ 4.7432009, 49.8125159 ], [ 4.7430298, 49.8125209 ], [ 4.7429532, 49.8124978 ], [ 4.742782, 49.8124465 ], [ 4.7425742, 49.8123839 ], [ 4.7423374, 49.8126924 ], [ 4.742209, 49.8128809 ], [ 4.7422213, 49.8128862 ], [ 4.742247, 49.8128924 ], [ 4.7423117, 49.8128909 ], [ 4.7430466, 49.8128748 ], [ 4.7433705, 49.8128678 ], [ 4.7433406, 49.8128058 ], [ 4.7432009, 49.8125159 ] ] ] ] } },
{ "type": "Feature", "properties": { "fid": 132, "FRICHE": "Gare d’Illy-Olly", "COMMUNE": "Illy", "site_id": "08232_01", "proprio_type": "X1a", "unite_fonciere_surface": 1474, "unite_fonciere_refcad": "082320000B0008|082320000B0332", "idprocpte": "08232T00030", "geompoint": "Point (4.976242 49.742944)", "proprio_personne": "personne physique", "surf_calc": 1298, "proprio_nom": "_X_" }, "geometry": { "type": "MultiPolygon", "coordinates": [ [ [ [ 4.9760489, 49.7429819 ], [ 4.9760111, 49.7430984 ], [ 4.9759854, 49.7431784 ], [ 4.9760377, 49.7431867 ], [ 4.9760523, 49.7431886 ], [ 4.9760902, 49.7431936 ], [ 4.9763334, 49.7432255 ], [ 4.9764741, 49.7427658 ], [ 4.9761551, 49.7427249 ], [ 4.976093, 49.7428698 ], [ 4.9760767, 49.7429112 ], [ 4.9760489, 49.7429819 ] ] ] ] } },
{ "type": "Feature", "properties": { "fid": 133, "FRICHE": "Halle à marchandises pour fret ferroviaire", "COMMUNE": "Poix-Terron", "site_id": "08341_01", "proprio_type": "P5a", "unite_fonciere_surface": 9386, "unite_fonciere_refcad": "08341000AC0192", "idprocpte": "08341+00008", "geompoint": "Point (4.637596 49.651392)", "proprio_personne": "personne morale", "surf_calc": 9386, "proprio_nom": "COMMUNE DE POIX TERRON" }, "geometry": { "type": "MultiPolygon", "coordinates": [ [ [ [ 4.6385642, 49.6528465 ], [ 4.6383548, 49.6525358 ], [ 4.6382007, 49.6525791 ], [ 4.6379807, 49.6522523 ], [ 4.6369686, 49.6507564 ], [ 4.636833, 49.6505502 ], [ 4.636739, 49.6504194 ], [ 4.6365808, 49.650207 ], [ 4.6367899, 49.6501343 ], [ 4.6371428, 49.6500206 ], [ 4.6371827, 49.6500696 ], [ 4.6374625, 49.6504301 ], [ 4.6376605, 49.6506959 ], [ 4.6377388, 49.6507997 ], [ 4.6376397, 49.6508313 ], [ 4.6377189, 49.6511248 ], [ 4.6377504, 49.6512415 ], [ 4.637767, 49.6513017 ], [ 4.6378153, 49.6514769 ], [ 4.6378474, 49.6515932 ], [ 4.6378627, 49.6516449 ], [ 4.637885, 49.651679 ], [ 4.6379906, 49.6518395 ], [ 4.6380443, 49.6519213 ], [ 4.6380996, 49.6520053 ], [ 4.6382093, 49.6521713 ], [ 4.6382659, 49.6522571 ], [ 4.6384038, 49.6524673 ], [ 4.6385477, 49.6526892 ], [ 4.638556, 49.6527013 ], [ 4.6385776, 49.6527764 ], [ 4.638614, 49.652829 ], [ 4.6385642, 49.6528465 ] ] ] ] } },
{ "type": "Feature", "properties": { "fid": 134, "FRICHE": "Gare de Pouru-Brévilly", "COMMUNE": "Pouru-Saint-Remy", "site_id": "08343_01", "proprio_type": "R2a", "unite_fonciere_surface": 9890, "unite_fonciere_refcad": "08343000AB0352", "idprocpte": "08343+00077", "geompoint": "Point (5.082211 49.673213)", "proprio_personne": "personne morale", "surf_calc": 1362, "proprio_nom": "SOCIETE NATIONALE SNCF" }, "geometry": { "type": "MultiPolygon", "coordinates": [ [ [ [ 5.0833394, 49.6731815 ], [ 5.0833325813, 49.6731281809 ], [ 5.0838661979, 49.6730977307 ], [ 5.0843347812, 49.6730913632 ], [ 5.084344, 49.6731408 ], [ 5.0843702, 49.6732813 ], [ 5.0842393, 49.6732844 ], [ 5.0841586, 49.6732892 ], [ 5.084136, 49.6732882 ], [ 5.0840873, 49.6732838 ], [ 5.0840131, 49.6732771 ], [ 5.0839787, 49.6732699 ], [ 5.0839435, 49.6732631 ], [ 5.0839151, 49.6732542 ], [ 5.0839059, 49.6732504 ], [ 5.0835243, 49.6732698 ], [ 5.0834878, 49.6732724 ], [ 5.0833527, 49.6732855 ], [ 5.0833394, 49.6731815 ] ] ] ] } },
{ "type": "Feature", "properties": { "fid": 138, "FRICHE": "Crassier de Messempré", "COMMUNE": "Osnes et Pure", "site_id": "08349_01", "proprio_type": "F6c", "unite_fonciere_surface": 54287, "unite_fonciere_refcad": "08336000AC0057|08349000AI0166", "idprocpte": "08336+00061|08349+00063", "geompoint": "Point (5.167405 49.667592)", "proprio_personne": "personne morale", "surf_calc": 39854, "proprio_nom": "DE MESSEMPRE" }, "geometry": { "type": "MultiPolygon", "coordinates": [ [ [ [ 5.1682602, 49.6680358 ], [ 5.1682602, 49.6680358 ], [ 5.1690026, 49.6680652 ], [ 5.1690136, 49.6680644 ], [ 5.1690071, 49.6680386 ], [ 5.1690232, 49.6679679 ], [ 5.169039, 49.667867 ], [ 5.1690358, 49.6677642 ], [ 5.1690165, 49.6676623 ], [ 5.1688582, 49.6674679 ], [ 5.1686261, 49.6671833 ], [ 5.1685811, 49.667099 ], [ 5.1685152, 49.6670474 ], [ 5.1683782, 49.6669457 ], [ 5.1683782, 49.6669457 ], [ 5.1683743, 49.6669317 ], [ 5.1683556, 49.6669221 ], [ 5.1683339, 49.6669126 ], [ 5.1680689, 49.6668593 ], [ 5.1679775, 49.6668391 ], [ 5.167908, 49.666833 ], [ 5.1678646, 49.6668136 ], [ 5.1676925, 49.6667719 ], [ 5.1674392, 49.6667124 ], [ 5.1669026, 49.6665469 ], [ 5.1664026, 49.6663927 ], [ 5.1662735, 49.6663595 ], [ 5.1661141, 49.6664637 ], [ 5.1660688, 49.6666908 ], [ 5.1658989, 49.6674842 ], [ 5.1658513, 49.6677314 ], [ 5.1657834, 49.6680773 ], [ 5.1657322, 49.6683372 ], [ 5.1674888, 49.6687369 ], [ 5.1679603, 49.6681189 ], [ 5.1680372, 49.6680156 ], [ 5.1682575, 49.6680228 ], [ 5.1682602, 49.6680358 ] ] ] ] } },
{ "type": "Feature", "properties": { "fid": 139, "FRICHE": "Fonderie de l’Union", "COMMUNE": "Renwez", "site_id": "08361_01", "proprio_type": "P5a", "unite_fonciere_surface": 17229, "unite_fonciere_refcad": "083610000C0295|083610000C0436|083610000C0438", "idprocpte": "08361+00088", "geompoint": "Point (4.602858 49.833369)", "proprio_personne": "personne morale", "surf_calc": 17306, "proprio_nom": "COMMUNE DE RENWEZ" }, "geometry": { "type": "MultiPolygon", "coordinates": [ [ [ [ 4.6025866, 49.8338552 ], [ 4.6027985, 49.8340757 ], [ 4.6030536, 49.8343516 ], [ 4.6039348, 49.834003 ], [ 4.6033639, 49.8326748 ], [ 4.6032948, 49.8325132 ], [ 4.6032615, 49.8325272 ], [ 4.6032369, 49.832464 ], [ 4.6031406, 49.8325031 ], [ 4.6017253, 49.833079 ], [ 4.6017764, 49.8331273 ], [ 4.60234, 49.8336323 ], [ 4.6025866, 49.8338552 ] ] ] ] } },
{ "type": "Feature", "properties": { "fid": 140, "FRICHE": "Laiterie Union des Coopératives Agricoles Nord Est Lait", "COMMUNE": "Rethel", "site_id": "08362_01", "proprio_type": "P5a", "unite_fonciere_surface": 40999, "unite_fonciere_refcad": "08362000AI0001", "idprocpte": "08362+00197", "geompoint": "Point (4.359515 49.509526)", "proprio_personne": "personne morale", "surf_calc": 10400, "proprio_nom": "COMMUNE DE RETHEL" }, "geometry": { "type": "MultiPolygon", "coordinates": [ [ [ [ 4.3602801819, 49.509806945 ], [ 4.3594416211, 49.5100931144 ], [ 4.3587442, 49.5092452 ], [ 4.3588444, 49.5092076 ], [ 4.3588249, 49.5091835 ], [ 4.3588546, 49.5091725 ], [ 4.3588031, 49.50911 ], [ 4.3587433, 49.5090386 ], [ 4.3585121, 49.508753 ], [ 4.3586307, 49.5087113 ], [ 4.3587523, 49.5086694 ], [ 4.358758, 49.5086675 ], [ 4.3589634, 49.5085973 ], [ 4.3591803, 49.5085227 ], [ 4.3592906, 49.5086628 ], [ 4.3593502, 49.508737 ], [ 4.3594332, 49.5088409 ], [ 4.3596645, 49.5091304 ], [ 4.3596875, 49.5091229 ], [ 4.3597203, 49.5091123 ], [ 4.3602801819, 49.509806945 ] ] ] ] } },
{ "type": "Feature", "properties": { "fid": 144, "FRICHE": "Aertec", "COMMUNE": "Rethel", "site_id": "08362_03", "proprio_type": "P4a", "unite_fonciere_surface": 3604, "unite_fonciere_refcad": "08362000AL0402", "idprocpte": "08362+00986", "geompoint": "Point (4.369377 49.505385)", "proprio_personne": "personne morale", "surf_calc": 3587, "proprio_nom": "COMMUNAUTE DE COMMUNES DU PAYS RETHELOIS" }, "geometry": { "type": "MultiPolygon", "coordinates": [ [ [ [ 4.3688567, 49.5053198 ], [ 4.3688774, 49.5052938 ], [ 4.3689605, 49.5051967 ], [ 4.3689973, 49.5051533 ], [ 4.3690357, 49.5051201 ], [ 4.3691212, 49.5050599 ], [ 4.3691954, 49.5050218 ], [ 4.3692268, 49.5050139 ], [ 4.3692724, 49.5050016 ], [ 4.36938, 49.504988 ], [ 4.3694133, 49.5049972 ], [ 4.3694793, 49.5050288 ], [ 4.369834, 49.5051985 ], [ 4.3699594, 49.5052586 ], [ 4.369953, 49.5052644 ], [ 4.3696888, 49.5055026 ], [ 4.3696284, 49.5055576 ], [ 4.369811, 49.505645 ], [ 4.3696987, 49.5057454 ], [ 4.36942, 49.5056144 ], [ 4.3693284, 49.5055716 ], [ 4.3692271, 49.5055224 ], [ 4.3691096, 49.5054675 ], [ 4.3691041, 49.5054715 ], [ 4.369097, 49.5054681 ], [ 4.3689867, 49.5054166 ], [ 4.3688349, 49.5053471 ], [ 4.3688844, 49.5053638 ], [ 4.3689072, 49.5053391 ], [ 4.3688879, 49.5053318 ], [ 4.3688567, 49.5053198 ] ] ] ] } },
{ "type": "Feature", "properties": { "fid": 145, "FRICHE": "Union et tradition des charpentiers-couvreurs", "COMMUNE": "Rethel", "site_id": "08362_07", "proprio_type": "G1a", "unite_fonciere_surface": 1270, "unite_fonciere_refcad": "08362000AC0237|08362000AC0242|08362000AC0243|08362000AC0292|08362000AC0293|08362000AC0294|08362000AC0295", "idprocpte": "08362+00346", "geompoint": "Point (4.366611 49.51326)", "proprio_personne": "personne morale", "surf_calc": 1287, "proprio_nom": "SCI" }, "geometry": { "type": "MultiPolygon", "coordinates": [ [ [ [ 4.3663446, 49.5133435 ], [ 4.3663427, 49.5133497 ], [ 4.3663615, 49.513359 ], [ 4.3663396, 49.513381 ], [ 4.3663063, 49.513415 ], [ 4.3662607, 49.5134594 ], [ 4.3663859, 49.5135127 ], [ 4.3663929, 49.513506 ], [ 4.3664084, 49.5134914 ], [ 4.3664334, 49.5134666 ], [ 4.366478, 49.5134226 ], [ 4.3665722, 49.5134625 ], [ 4.3665864, 49.5134686 ], [ 4.3666166, 49.5134814 ], [ 4.3666212, 49.5134774 ], [ 4.3667171, 49.5135185 ], [ 4.3667613, 49.5135376 ], [ 4.3667804, 49.5133741 ], [ 4.3667997, 49.5132033 ], [ 4.3668121, 49.5130924 ], [ 4.3668161, 49.513047 ], [ 4.3667254, 49.5130027 ], [ 4.3666971, 49.512989 ], [ 4.3666829, 49.5130033 ], [ 4.3666613, 49.5130246 ], [ 4.3666451, 49.5130413 ], [ 4.3666252, 49.5130617 ], [ 4.3665638, 49.513125 ], [ 4.3663731, 49.5133164 ], [ 4.3663446, 49.5133435 ] ] ] ] } },
{ "type": "Feature", "properties": { "fid": 146, "FRICHE": "Smurfit Kappa", "COMMUNE": "Rethel", "site_id": "08362_08", "proprio_type": "Z1a", "unite_fonciere_surface": 27646, "unite_fonciere_refcad": "08362000AI0031|08362000AI0099|08362000AI0100|08362000AI0102|08362000AI0103|08362000AI0112|08362000AI0113|08362000AI0114|08362000AI0115|08362000AI0116|08362000AI0117|08362000AI0118|08362000AI0146|08362000AI0149|08362000AI0396|08362000AI0417", "idprocpte": "08362+00799", "geompoint": "Point (4.361435 49.507004)", "proprio_personne": "personne morale", "surf_calc": 27685, "proprio_nom": "_X_" }, "geometry": { "type": "MultiPolygon", "coordinates": [ [ [ [ 4.3617059, 49.5079949 ], [ 4.3617803, 49.5079619 ], [ 4.3617226, 49.5079106 ], [ 4.3617114, 49.5079009 ], [ 4.3616463, 49.507843 ], [ 4.3615134, 49.5077261 ], [ 4.3614098, 49.5077628 ], [ 4.3612506, 49.5078154 ], [ 4.361409, 49.5080191 ], [ 4.3612784, 49.5080659 ], [ 4.3611389, 49.508116 ], [ 4.3610047, 49.5079404 ], [ 4.3610285, 49.5078906 ], [ 4.3609387, 49.5079211 ], [ 4.3609257, 49.5079254 ], [ 4.361065, 49.5081034 ], [ 4.3611486, 49.50821 ], [ 4.3613126, 49.5084242 ], [ 4.3614684, 49.5083981 ], [ 4.3616151, 49.5083735 ], [ 4.3618985, 49.5083296 ], [ 4.3618575, 49.5082834 ], [ 4.3618366, 49.5082597 ], [ 4.3616307, 49.5080275 ], [ 4.3617059, 49.5079949 ] ] ], [ [ [ 4.3595071, 49.5075061 ], [ 4.3595623, 49.5075729 ], [ 4.3599649, 49.5074421 ], [ 4.3599967, 49.5074806 ], [ 4.3600473, 49.507542 ], [ 4.360049, 49.5075443 ], [ 4.3600839, 49.5075875 ], [ 4.3601028, 49.5076108 ], [ 4.3601185, 49.5076302 ], [ 4.360138, 49.5076542 ], [ 4.3601492, 49.5076683 ], [ 4.3601599, 49.5076813 ], [ 4.3601709, 49.5076952 ], [ 4.3601918, 49.5077212 ], [ 4.3602375, 49.5077056 ], [ 4.3602837, 49.5076898 ], [ 4.3603394, 49.5076713 ], [ 4.3604687, 49.5078358 ], [ 4.3605198, 49.5079009 ], [ 4.3605745, 49.5079702 ], [ 4.3606519, 49.5079432 ], [ 4.3607017, 49.5079259 ], [ 4.3607999, 49.507892 ], [ 4.3608146, 49.507857 ], [ 4.3607937, 49.5078311 ], [ 4.3605939, 49.5075815 ], [ 4.3604642, 49.5074229 ], [ 4.3603409, 49.5072713 ], [ 4.3602765, 49.5071925 ], [ 4.3600832, 49.5072576 ], [ 4.3599922, 49.5072887 ], [ 4.3598729, 49.5073295 ], [ 4.3598613, 49.5073152 ], [ 4.3598671, 49.5073126 ], [ 4.3598161, 49.5072478 ], [ 4.3602127, 49.5071133 ], [ 4.3601594, 49.5070468 ], [ 4.3600879, 49.506957 ], [ 4.3599533, 49.5070037 ], [ 4.3598223, 49.5070494 ], [ 4.3597053, 49.5070902 ], [ 4.3596598, 49.5071066 ], [ 4.3595759, 49.507132 ], [ 4.3594854, 49.5071593 ], [ 4.359275, 49.5072222 ], [ 4.3593403, 49.5073004 ], [ 4.3594066, 49.5073827 ], [ 4.3594559, 49.5074428 ], [ 4.3595071, 49.5075061 ] ] ], [ [ [ 4.3614227, 49.5076779 ], [ 4.3617531, 49.5075644 ], [ 4.3627988, 49.507205 ], [ 4.3628139, 49.5071563 ], [ 4.3626945, 49.5070191 ], [ 4.3626468, 49.5069644 ], [ 4.3625997, 49.5069102 ], [ 4.3625316, 49.5068317 ], [ 4.3624613, 49.5067508 ], [ 4.3623149, 49.5065825 ], [ 4.3621702, 49.5064194 ], [ 4.361967, 49.5062715 ], [ 4.3617773, 49.5061343 ], [ 4.3617075, 49.5061311 ], [ 4.3616291, 49.5061785 ], [ 4.361611, 49.5061893 ], [ 4.3615707, 49.5062136 ], [ 4.3613462, 49.5063485 ], [ 4.3612058, 49.5064329 ], [ 4.3611159, 49.5064699 ], [ 4.3609222, 49.5065497 ], [ 4.3605983, 49.5066833 ], [ 4.3604564, 49.5067418 ], [ 4.3604083, 49.5066886 ], [ 4.3602475, 49.5067554 ], [ 4.3600804, 49.5068242 ], [ 4.360072, 49.5068348 ], [ 4.3600719, 49.5068413 ], [ 4.3602205, 49.5070427 ], [ 4.3606396, 49.5075708 ], [ 4.3607679, 49.5077312 ], [ 4.3608213, 49.5077985 ], [ 4.3608753, 49.507865 ], [ 4.3610028, 49.5078199 ], [ 4.3611041, 49.5077861 ], [ 4.361126, 49.5077787 ], [ 4.3612483, 49.5077378 ], [ 4.3612911, 49.507723 ], [ 4.361336, 49.5077077 ], [ 4.3614227, 49.5076779 ] ] ] ] } },
{ "type": "Feature", "properties": { "fid": 147, "FRICHE": "Fonderie Lebeau", "COMMUNE": "Revin", "site_id": "08363_05", "proprio_type": "P5a|M2a|G2a|F7b", "unite_fonciere_surface": 27013, "unite_fonciere_refcad": "08363000AK0157|08363000AK0295|08363000AK0306|08363000AK0307|08363000AK0308|08363000AK0309|08363000AK0311|08363000AK0312|08363000AK0314|08363000AK0315|08363000AK0316|08363000AK0317|08363000AK0325|08363000AK0326|08363000AK0327|08363000AK0328", "idprocpte": "08363+00505|08363+00651|08363*00035|08363+00639", "geompoint": "Point (4.64459 49.934931)", "proprio_personne": "personne morale", "surf_calc": 27120, "proprio_nom": "_X_|COMMUNE DE REVIN|COPROPRIETE|NIORT 94" }, "geometry": { "type": "MultiPolygon", "coordinates": [ [ [ [ 4.6461789, 49.9358374 ], [ 4.6461888, 49.9358861 ], [ 4.6464304, 49.9358704 ], [ 4.646609, 49.9358587 ], [ 4.6466695, 49.9356405 ], [ 4.6467257, 49.9354441 ], [ 4.6469837, 49.9354518 ], [ 4.6470505, 49.9354 ], [ 4.6466583, 49.935249 ], [ 4.6465296, 49.9351987 ], [ 4.6463024, 49.935111 ], [ 4.6462824, 49.9351026 ], [ 4.6462225, 49.9350778 ], [ 4.6461086, 49.9350493 ], [ 4.6459145, 49.9350037 ], [ 4.6458215, 49.9349794 ], [ 4.6455996, 49.9349255 ], [ 4.645377, 49.934854 ], [ 4.6452461, 49.9347856 ], [ 4.6450984, 49.9347075 ], [ 4.6449048, 49.934605 ], [ 4.6448343, 49.9345697 ], [ 4.6447902, 49.9345443 ], [ 4.6447422, 49.9345147 ], [ 4.6446867, 49.9344819 ], [ 4.6446342, 49.9344506 ], [ 4.6445123, 49.9343795 ], [ 4.6443597, 49.9342898 ], [ 4.6441915, 49.9341899 ], [ 4.643853, 49.9339847 ], [ 4.6437827, 49.9339872 ], [ 4.6437345, 49.9339737 ], [ 4.6436637, 49.9340033 ], [ 4.6436633, 49.934028 ], [ 4.6436253, 49.9340755 ], [ 4.6436275, 49.934266 ], [ 4.6436225, 49.9344341 ], [ 4.6436172, 49.9345757 ], [ 4.6436093, 49.9347626 ], [ 4.6436054, 49.9348959 ], [ 4.6436058, 49.9349356 ], [ 4.6436141, 49.9351539 ], [ 4.6436183, 49.9352013 ], [ 4.6436305, 49.9354725 ], [ 4.6436346, 49.935603 ], [ 4.6436376, 49.9356787 ], [ 4.6436475, 49.9357443 ], [ 4.6436569, 49.9359073 ], [ 4.644191, 49.9358691 ], [ 4.6441705, 49.9357627 ], [ 4.6442786, 49.9357553 ], [ 4.6448157, 49.935718 ], [ 4.6461446, 49.9356243 ], [ 4.6461789, 49.9358374 ] ] ] ] } },
{ "type": "Feature", "properties": { "fid": 148, "FRICHE": "Ardennes Chicorée", "COMMUNE": "Saint-Germainmont", "site_id": "08381_01", "proprio_type": "Z2b", "unite_fonciere_surface": 72299, "unite_fonciere_refcad": "08381000AD0004|08381000AD0009|08381000AD0020|08381000AD0022|08381000AD0025|08381000AD0026|08381000ZI0168|08381000ZI0178|08381000ZI0181", "idprocpte": "08381+00111", "geompoint": "Point (4.133602 49.497631)", "proprio_personne": "personne morale", "surf_calc": 72054, "proprio_nom": "_X_" }, "geometry": { "type": "MultiPolygon", "coordinates": [ [ [ [ 4.1330195, 49.4986433 ], [ 4.1330357, 49.4986471 ], [ 4.1330552, 49.4986495 ], [ 4.1336135, 49.4987199 ], [ 4.1340024, 49.4987414 ], [ 4.1341758, 49.498751 ], [ 4.1341874, 49.498751 ], [ 4.1355925, 49.4987522 ], [ 4.135806, 49.498754 ], [ 4.135765, 49.497991 ], [ 4.1358594, 49.4979971 ], [ 4.1358896, 49.4979969 ], [ 4.1358485, 49.4974468 ], [ 4.1365342, 49.4974474 ], [ 4.1365511, 49.4969763 ], [ 4.1362248, 49.4967983 ], [ 4.1361431, 49.4968013 ], [ 4.1357842, 49.4968257 ], [ 4.1358058, 49.4971515 ], [ 4.135722, 49.4971677 ], [ 4.1356201, 49.4971778 ], [ 4.1356148, 49.4970658 ], [ 4.1357159, 49.4970635 ], [ 4.1356961, 49.4967349 ], [ 4.1356901, 49.4964065 ], [ 4.1356495, 49.4964808 ], [ 4.1356235, 49.4965092 ], [ 4.1355957, 49.4965157 ], [ 4.1352525, 49.4965162 ], [ 4.1345518, 49.4965455 ], [ 4.1340342, 49.4965664 ], [ 4.1340329, 49.4965768 ], [ 4.1327731, 49.4965752 ], [ 4.1326605, 49.4965747 ], [ 4.1326072, 49.4965745 ], [ 4.1325947, 49.4965745 ], [ 4.1325121, 49.4969974 ], [ 4.1325112, 49.4973083 ], [ 4.1315663, 49.4971774 ], [ 4.1312689, 49.497809 ], [ 4.1312533, 49.4978423 ], [ 4.131223, 49.4979065 ], [ 4.1310802, 49.4982066 ], [ 4.1311871, 49.4982304 ], [ 4.1325555, 49.4985388 ], [ 4.1326253, 49.4985546 ], [ 4.1330195, 49.4986433 ] ] ], [ [ [ 4.1359649, 49.4981447 ], [ 4.135864, 49.4980684 ], [ 4.1358988, 49.4986578 ], [ 4.1360611, 49.4987617 ], [ 4.1361498, 49.4987619 ], [ 4.1360061, 49.4986595 ], [ 4.1359649, 49.4981447 ] ] ] ] } },
{ "type": "Feature", "properties": { "fid": 149, "FRICHE": "Sucrerie Linard puis société Sucrière de Saint-Germainmont", "COMMUNE": "Saint-Germainmont", "site_id": "08381_02", "proprio_type": "M1a|G1a|M1a X1a", "unite_fonciere_surface": 81721, "unite_fonciere_refcad": "08381000AC0086|08381000AC0087|08381000AC0089|08381000AC0090|08381000AC0117|08381000AC0221|08381000AC0223|08381000AC0225|08381000AC0227|08381000AC0230|08381000AC0232|08381000AC0233|08381000AC0234|08381000AC0235", "idprocpte": "08381+00107|08381+00108|08381+00085", "geompoint": "Point (4.133558 49.499802)", "proprio_personne": "personne morale|personne physique", "surf_calc": 81239, "proprio_nom": "_X_|SCI" }, "geometry": { "type": "MultiPolygon", "coordinates": [ [ [ [ 4.1349446, 49.4988731 ], [ 4.1344554, 49.498876 ], [ 4.1342185, 49.4988774 ], [ 4.1340256, 49.4988715 ], [ 4.1336665, 49.4988456 ], [ 4.1330065, 49.4987582 ], [ 4.1327457, 49.4987008 ], [ 4.1327431, 49.4987063 ], [ 4.1326712, 49.4986904 ], [ 4.1326737, 49.4986856 ], [ 4.1316297, 49.4984544 ], [ 4.131623, 49.4984553 ], [ 4.1316203, 49.4984582 ], [ 4.1316239, 49.4984639 ], [ 4.1313635, 49.498407 ], [ 4.1302523, 49.4981699 ], [ 4.1301581, 49.498152 ], [ 4.130094, 49.4981398 ], [ 4.1295845, 49.4980388 ], [ 4.1294423, 49.4980343 ], [ 4.1290447, 49.498155 ], [ 4.1290589, 49.4981734 ], [ 4.129574, 49.4985466 ], [ 4.1296254, 49.4985541 ], [ 4.1296521, 49.498558 ], [ 4.1296761, 49.4985626 ], [ 4.1298063, 49.4986117 ], [ 4.1300149, 49.4987064 ], [ 4.1303216, 49.4988497 ], [ 4.1304351, 49.4989168 ], [ 4.1305223, 49.4989714 ], [ 4.1305434, 49.4989844 ], [ 4.1305909, 49.4990215 ], [ 4.1306447, 49.4991088 ], [ 4.1307173, 49.4992263 ], [ 4.1310899, 49.4997225 ], [ 4.131333, 49.4999893 ], [ 4.1315549, 49.5002081 ], [ 4.1315693, 49.5002284 ], [ 4.1315869, 49.5004257 ], [ 4.13159, 49.5004598 ], [ 4.1315986, 49.5005019 ], [ 4.1315977, 49.5005204 ], [ 4.1315798, 49.5005496 ], [ 4.1315783, 49.500564 ], [ 4.131599, 49.500607 ], [ 4.1317782, 49.5007777 ], [ 4.1318507, 49.5008199 ], [ 4.1320545, 49.5009117 ], [ 4.1321927, 49.5009464 ], [ 4.1322123, 49.5009583 ], [ 4.1322576, 49.5010023 ], [ 4.1322876, 49.5010411 ], [ 4.1323495, 49.5011641 ], [ 4.1323973, 49.5012927 ], [ 4.1324274, 49.501323 ], [ 4.13248, 49.5013585 ], [ 4.1324826, 49.5013596 ], [ 4.1325327, 49.5013787 ], [ 4.1326378, 49.5014073 ], [ 4.1329803, 49.501453 ], [ 4.1336172, 49.5015458 ], [ 4.1336283, 49.5015474 ], [ 4.1336451, 49.5015498 ], [ 4.1340246, 49.5016051 ], [ 4.1341467, 49.5004666 ], [ 4.1341494, 49.5004314 ], [ 4.1341272, 49.5004321 ], [ 4.1339377, 49.500438 ], [ 4.1339155, 49.5004387 ], [ 4.1338871, 49.5004396 ], [ 4.1336759, 49.5004459 ], [ 4.1335524, 49.5004492 ], [ 4.1334843, 49.500403 ], [ 4.1334995, 49.50026 ], [ 4.1337312, 49.5000409 ], [ 4.1342946, 49.4998929 ], [ 4.1343111, 49.4998854 ], [ 4.1343548, 49.4998835 ], [ 4.1348598, 49.4998582 ], [ 4.1350354, 49.4998493 ], [ 4.1352419, 49.499839 ], [ 4.1353263, 49.4998347 ], [ 4.1354192, 49.4998302 ], [ 4.1354549, 49.4998284 ], [ 4.1355646, 49.499823 ], [ 4.1356888, 49.4998169 ], [ 4.135936, 49.4998048 ], [ 4.1359283, 49.4997556 ], [ 4.1358193, 49.4992008 ], [ 4.1357618, 49.49891 ], [ 4.1356782, 49.4988727 ], [ 4.1355801, 49.4988685 ], [ 4.1353675, 49.4988703 ], [ 4.135228, 49.4988722 ], [ 4.1349446, 49.4988731 ] ] ] ] } },
{ "type": "Feature", "properties": { "fid": 150, "FRICHE": "Silo agricole", "COMMUNE": "Saulces-Monclin", "site_id": "08402_01", "proprio_type": "P5a", "unite_fonciere_surface": 1623, "unite_fonciere_refcad": "08402000AB0114", "idprocpte": "08402+00003", "geompoint": "Point (4.493319 49.576952)", "proprio_personne": "personne morale", "surf_calc": 421, "proprio_nom": "COMMUNE DE SAULCES MONCLIN" }, "geometry": { "type": "MultiPolygon", "coordinates": [ [ [ [ 4.4931442308, 49.5770768341 ], [ 4.49314719, 49.5770787751 ], [ 4.49314719, 49.5770787751 ], [ 4.4931752749, 49.5770986532 ], [ 4.4931789455, 49.5770965408 ], [ 4.4931789455, 49.5770965408 ], [ 4.4934896287, 49.5769096292 ], [ 4.4935510156, 49.5769529165 ], [ 4.4935600858, 49.5769474675 ], [ 4.4935804951, 49.5769352066 ], [ 4.4935804951, 49.5769352066 ], [ 4.4935804951, 49.5769352066 ], [ 4.493540563, 49.576907205 ], [ 4.4935852541, 49.5768802299 ], [ 4.4935852541, 49.5768802299 ], [ 4.4935852541, 49.5768802299 ], [ 4.4936154419, 49.5768633598 ], [ 4.493605, 49.5768474 ], [ 4.4934586, 49.5768084 ], [ 4.4933952378, 49.5768464744 ], [ 4.4933930059, 49.5768477202 ], [ 4.493393078, 49.5768477722 ], [ 4.4933656174, 49.5768642733 ], [ 4.493365565, 49.5768642366 ], [ 4.4933625775, 49.576866071 ], [ 4.4933625997, 49.5768660866 ], [ 4.4933352056, 49.5768825477 ], [ 4.4933351339, 49.5768824975 ], [ 4.4933321464, 49.5768843319 ], [ 4.4933321879, 49.576884361 ], [ 4.4933047259, 49.5769008629 ], [ 4.4933047054, 49.5769008482 ], [ 4.4933015797, 49.5769026843 ], [ 4.4933016321, 49.576902722 ], [ 4.4932742388, 49.5769191826 ], [ 4.4932741361, 49.5769191108 ], [ 4.4932711485, 49.5769209451 ], [ 4.4932712199, 49.5769209966 ], [ 4.4932437592, 49.5769374977 ], [ 4.4932437076, 49.5769374615 ], [ 4.49324072, 49.5769392959 ], [ 4.4932407416, 49.576939311 ], [ 4.4932132798, 49.5769558127 ], [ 4.493213279, 49.5769558122 ], [ 4.4932101533, 49.5769576483 ], [ 4.4932101864, 49.5769576715 ], [ 4.4931827922, 49.5769741325 ], [ 4.4931827096, 49.5769740747 ], [ 4.4931801693, 49.5769757086 ], [ 4.4931524554, 49.5769923618 ], [ 4.4931524166, 49.5769923338 ], [ 4.493149429, 49.5769941682 ], [ 4.4931494383, 49.5769941747 ], [ 4.4930914211, 49.5770290369 ], [ 4.4930914211, 49.5770290369 ], [ 4.4930884335, 49.5770308713 ], [ 4.4930833972, 49.5770338831 ], [ 4.4930880637, 49.5770371676 ], [ 4.4930884186, 49.577037423 ], [ 4.4930908874, 49.5770392002 ], [ 4.4930908874, 49.5770392002 ], [ 4.4931161486, 49.5770570458 ], [ 4.4931161486, 49.5770570458 ], [ 4.4931161486, 49.5770570458 ], [ 4.4931189696, 49.5770589885 ], [ 4.4931442308, 49.5770768341 ], [ 4.4931442308, 49.5770768341 ], [ 4.4931442308, 49.5770768341 ] ] ] ] } },
{ "type": "Feature", "properties": { "fid": 151, "FRICHE": "Ancien Hôtel de Ville", "COMMUNE": "Sedan", "site_id": "08409_01", "proprio_type": "P5a", "unite_fonciere_surface": 384, "unite_fonciere_refcad": "08409000BM0290", "idprocpte": "08409+01292", "geompoint": "Point (4.94616 49.702046)", "proprio_personne": "personne morale", "surf_calc": 384, "proprio_nom": "COMMUNE DE SEDAN" }, "geometry": { "type": "MultiPolygon", "coordinates": [ [ [ [ 4.9461732, 49.7021533 ], [ 4.9460914, 49.7022018 ], [ 4.9459569, 49.702114 ], [ 4.9460889, 49.7020289 ], [ 4.9460867, 49.7020272 ], [ 4.9461337, 49.7019976 ], [ 4.9461353, 49.7019988 ], [ 4.9462191, 49.7019444 ], [ 4.9462838, 49.7019028 ], [ 4.9463797, 49.7019732 ], [ 4.9462298, 49.7020637 ], [ 4.9462143, 49.7021016 ], [ 4.9461726, 49.7021344 ], [ 4.9461766, 49.7021377 ], [ 4.9461639, 49.7021467 ], [ 4.9461732, 49.7021533 ] ] ] ] } },
{ "type": "Feature", "properties": { "fid": 152, "FRICHE": "Ancienne sous-préfecture de Sedan", "COMMUNE": "Sedan", "site_id": "08409_02", "proprio_type": "F7b", "unite_fonciere_surface": 4238, "unite_fonciere_refcad": "08409000BI0017", "idprocpte": "08409+02045", "geompoint": "Point (4.94079 49.703312)", "proprio_personne": "personne morale", "surf_calc": 4231, "proprio_nom": "PEGA" }, "geometry": { "type": "MultiPolygon", "coordinates": [ [ [ [ 4.9403349, 49.7030695 ], [ 4.9403683, 49.7030004 ], [ 4.9406464, 49.7030576 ], [ 4.9414713, 49.7032276 ], [ 4.9414684, 49.7032391 ], [ 4.9412716, 49.7033623 ], [ 4.9410833, 49.703467 ], [ 4.9409312, 49.703546 ], [ 4.9406387, 49.7036755 ], [ 4.9400947, 49.7035624 ], [ 4.9402417, 49.7032626 ], [ 4.9403349, 49.7030695 ] ] ] ] } },
{ "type": "Feature", "properties": { "fid": 153, "FRICHE": "Îlots dégradés du centre ancien", "COMMUNE": "Sedan", "site_id": "08409_03", "proprio_type": "F4a|F6a|P5a|X1a", "unite_fonciere_surface": 1789, "unite_fonciere_refcad": "08409000BM0017|08409000BM0039|08409000BM0041|08409000BM0043|08409000BM0044|08409000BM0056|08409000BM0057|08409000BM0058|08409000BM0059|08409000BM0291|08409000BM0317|08409000BM0321|08409000BM0323|08409000BM0325|08409000BM0326", "idprocpte": "08409+01594|08409+01717|08409+01292|08409Y00026", "geompoint": "Point (4.946371 49.702078)", "proprio_personne": "personne morale|personne physique", "surf_calc": 1792, "proprio_nom": "_X_|COMMUNE DE SEDAN|SARL LES JARDINS DE JOUARRE|SOC EQUIPEMENT AMENAGEMENT DES ARDENNES" }, "geometry": { "type": "MultiPolygon", "coordinates": [ [ [ [ 4.9456652, 49.7025198 ], [ 4.945537, 49.7025933 ], [ 4.945636, 49.7026346 ], [ 4.945738, 49.702573 ], [ 4.9457771, 49.7025473 ], [ 4.9457515, 49.7025254 ], [ 4.9457128, 49.7024926 ], [ 4.9456836, 49.7025093 ], [ 4.9456717, 49.7025162 ], [ 4.9456652, 49.7025198 ] ] ], [ [ [ 4.9466809, 49.7018361 ], [ 4.9466567, 49.701819 ], [ 4.9465409, 49.7017372 ], [ 4.946467, 49.7017828 ], [ 4.9464114, 49.7018185 ], [ 4.946474, 49.7018611 ], [ 4.9464123, 49.7018969 ], [ 4.9464707, 49.7019393 ], [ 4.9465856, 49.7018688 ], [ 4.9466918, 49.7019404 ], [ 4.9465754, 49.7020139 ], [ 4.9466885, 49.7020945 ], [ 4.9467979, 49.7020274 ], [ 4.946841, 49.702001 ], [ 4.9468778, 49.7019786 ], [ 4.9468659, 49.70197 ], [ 4.9467968, 49.7019197 ], [ 4.9467911, 49.7019155 ], [ 4.9467545, 49.701888 ], [ 4.9467258, 49.7018677 ], [ 4.946696, 49.7018467 ], [ 4.9466809, 49.7018361 ] ] ], [ [ [ 4.9472779, 49.7019167 ], [ 4.947286, 49.7019112 ], [ 4.947309, 49.7018961 ], [ 4.9473447, 49.7019168 ], [ 4.9473805, 49.701892 ], [ 4.9473901, 49.7018855 ], [ 4.9473116, 49.7018354 ], [ 4.9472668, 49.7018074 ], [ 4.94724, 49.7017903 ], [ 4.9471783, 49.7017557 ], [ 4.9471257, 49.7017263 ], [ 4.9470334, 49.7017905 ], [ 4.9470081, 49.701808 ], [ 4.9470316, 49.7018234 ], [ 4.9470063, 49.701843 ], [ 4.9469926, 49.7018537 ], [ 4.9470152, 49.7018667 ], [ 4.9470268, 49.7018731 ], [ 4.9470864, 49.7019086 ], [ 4.9470815, 49.7019117 ], [ 4.9471275, 49.7019372 ], [ 4.9471496, 49.7019491 ], [ 4.9471868, 49.7019227 ], [ 4.9472329, 49.7019466 ], [ 4.9472618, 49.7019274 ], [ 4.9472779, 49.7019167 ] ] ], [ [ [ 4.9459172, 49.70246 ], [ 4.9459065, 49.7024657 ], [ 4.9458442, 49.7025054 ], [ 4.9458249, 49.7025174 ], [ 4.9458004, 49.7025328 ], [ 4.9458266, 49.7025505 ], [ 4.9458498, 49.7025358 ], [ 4.9458902, 49.7025659 ], [ 4.9459694, 49.7025179 ], [ 4.9459766, 49.7025132 ], [ 4.9459172, 49.70246 ] ] ], [ [ [ 4.946368, 49.7021853 ], [ 4.9463705, 49.7021836 ], [ 4.9463905, 49.7021733 ], [ 4.9464208, 49.7021574 ], [ 4.946445, 49.7021444 ], [ 4.946542, 49.7020925 ], [ 4.9463797, 49.7019732 ], [ 4.9462298, 49.7020637 ], [ 4.9462143, 49.7021016 ], [ 4.9461726, 49.7021344 ], [ 4.9461766, 49.7021377 ], [ 4.9461639, 49.7021467 ], [ 4.9461732, 49.7021533 ], [ 4.9462412, 49.7022092 ], [ 4.9463201, 49.7021652 ], [ 4.9463299, 49.7021598 ], [ 4.9463512, 49.7021739 ], [ 4.946368, 49.7021853 ] ] ], [ [ [ 4.9460611, 49.7022707 ], [ 4.9460175, 49.7022986 ], [ 4.946033, 49.7023127 ], [ 4.9459814, 49.7023371 ], [ 4.9459827, 49.7023383 ], [ 4.9460312, 49.7023846 ], [ 4.9460486, 49.7023981 ], [ 4.9461501, 49.7024792 ], [ 4.9461514, 49.7024785 ], [ 4.9461861, 49.7024612 ], [ 4.9462238, 49.7024929 ], [ 4.9462126, 49.7024985 ], [ 4.9462209, 49.7025056 ], [ 4.9463368, 49.7024473 ], [ 4.946226, 49.7023627 ], [ 4.9462203, 49.7023655 ], [ 4.946214, 49.70236 ], [ 4.9462197, 49.7023572 ], [ 4.946222, 49.7023593 ], [ 4.9462598, 49.7023387 ], [ 4.9462618, 49.7023377 ], [ 4.9462105, 49.7022962 ], [ 4.9461644, 49.7022595 ], [ 4.946094, 49.7022991 ], [ 4.9460611, 49.7022707 ] ] ] ] } },
{ "type": "Feature", "properties": { "fid": 155, "FRICHE": "Socotep", "COMMUNE": "Signy-l'Abbaye", "site_id": "08419_01", "proprio_type": "P5a", "unite_fonciere_surface": 6842, "unite_fonciere_refcad": "08419000BE0324", "idprocpte": "08419+00112", "geompoint": "Point (4.419815 49.699962)", "proprio_personne": "personne morale", "surf_calc": 6871, "proprio_nom": "COMMUNE DE SIGNY L'ABBAYE" }, "geometry": { "type": "MultiPolygon", "coordinates": [ [ [ [ 4.4199955, 49.7005795 ], [ 4.4205678, 49.7003934 ], [ 4.4200876, 49.6998652 ], [ 4.4206697, 49.6996439 ], [ 4.4206381, 49.6996085 ], [ 4.4204712, 49.6994104 ], [ 4.4204111, 49.6993383 ], [ 4.4204067, 49.6993362 ], [ 4.4203552, 49.6993418 ], [ 4.4203475, 49.6993188 ], [ 4.420229, 49.6993554 ], [ 4.4201424, 49.6993861 ], [ 4.4201272, 49.6993692 ], [ 4.4200928, 49.6993304 ], [ 4.419965, 49.6993789 ], [ 4.419985, 49.6994016 ], [ 4.4199989, 49.6994167 ], [ 4.4198149, 49.6994866 ], [ 4.4197119, 49.6995257 ], [ 4.4196874, 49.699535 ], [ 4.4196291, 49.6995571 ], [ 4.4196455, 49.6995755 ], [ 4.4196151, 49.6995927 ], [ 4.4196086, 49.6995983 ], [ 4.4196024, 49.6996098 ], [ 4.4195992, 49.6996294 ], [ 4.4196015, 49.6996373 ], [ 4.4196238, 49.6996848 ], [ 4.4196278, 49.699716 ], [ 4.4196173, 49.6997381 ], [ 4.4196001, 49.6997548 ], [ 4.4195419, 49.6997868 ], [ 4.4195058, 49.6998046 ], [ 4.4194107, 49.6998353 ], [ 4.4193958, 49.6998484 ], [ 4.4193936, 49.699884 ], [ 4.4194105, 49.6999237 ], [ 4.4195048, 49.7000087 ], [ 4.4195091, 49.7000138 ], [ 4.4195231, 49.7000808 ], [ 4.4195336, 49.7001024 ], [ 4.4195566, 49.700131 ], [ 4.4196823, 49.7002277 ], [ 4.4198058, 49.700303 ], [ 4.419813, 49.7003091 ], [ 4.4198505, 49.7003482 ], [ 4.4198618, 49.7003659 ], [ 4.4198842, 49.7004121 ], [ 4.4198994, 49.7004817 ], [ 4.4198942, 49.7005385 ], [ 4.4199955, 49.7005795 ] ] ] ] } },
{ "type": "Feature", "properties": { "fid": 157, "FRICHE": "Sucrerie Saint-Louis", "COMMUNE": "Villers-devant-le-Thours", "site_id": "08476_01", "proprio_type": "X1a|F7b A1a G1c", "unite_fonciere_surface": 18344, "unite_fonciere_refcad": "08476000ZN0046|08476000ZN0066|08476000ZN0069|08476000ZN0084|08476000ZN0085|08476000ZN0086", "idprocpte": "08476C00050|08476+00038", "geompoint": "Point (4.069364 49.505413)", "proprio_personne": "personne morale|personne physique", "surf_calc": 18558, "proprio_nom": "_X_|LES ORCHIDEES|SCI" }, "geometry": { "type": "MultiPolygon", "coordinates": [ [ [ [ 4.0707004, 49.5059536 ], [ 4.0706687, 49.5059428 ], [ 4.0707091, 49.5058926 ], [ 4.0706647, 49.505878 ], [ 4.0707042, 49.5058329 ], [ 4.0705031, 49.5057321 ], [ 4.0696646, 49.5052858 ], [ 4.0691441, 49.5050312 ], [ 4.0686958, 49.5048522 ], [ 4.0676772, 49.5044339 ], [ 4.0676387, 49.504418 ], [ 4.06753, 49.5045272 ], [ 4.0672942, 49.5047641 ], [ 4.0678446, 49.5050014 ], [ 4.0684599, 49.5052492 ], [ 4.069105, 49.5055393 ], [ 4.0689739, 49.5056767 ], [ 4.0688656, 49.5057883 ], [ 4.0688107, 49.5058449 ], [ 4.0691556, 49.5059947 ], [ 4.0689303, 49.5062083 ], [ 4.0694444, 49.5064173 ], [ 4.0698956, 49.5065236 ], [ 4.070158, 49.5062734 ], [ 4.0703595, 49.5060819 ], [ 4.0706219, 49.5059474 ], [ 4.0706872, 49.5059692 ], [ 4.0707004, 49.5059536 ] ] ] ] } },
{ "type": "Feature", "properties": { "fid": 158, "FRICHE": "Haras du Château Augeard", "COMMUNE": "Buzancy", "site_id": "08089_01", "proprio_type": "P3a", "unite_fonciere_surface": 66145, "unite_fonciere_refcad": "08089000AI0383|08089000AI0384|08089000ZV0051", "idprocpte": "08089+00108", "geompoint": "Point (4.951217 49.422984)", "proprio_personne": "personne morale", "surf_calc": 66016, "proprio_nom": "DEPARTEMENT DES ARDENNES" }, "geometry": { "type": "MultiPolygon", "coordinates": [ [ [ [ 4.9543593, 49.4243422 ], [ 4.9543618, 49.4243244 ], [ 4.9543783, 49.4241891 ], [ 4.9541577, 49.4242061 ], [ 4.954157, 49.4240623 ], [ 4.9541565, 49.4239879 ], [ 4.954156, 49.4238908 ], [ 4.9541535, 49.4238438 ], [ 4.954149, 49.4238223 ], [ 4.9541312, 49.4237835 ], [ 4.9540954, 49.4237355 ], [ 4.9541387, 49.4236833 ], [ 4.9540989, 49.423669 ], [ 4.9537844, 49.4235363 ], [ 4.9535719, 49.4234478 ], [ 4.9535524, 49.4235346 ], [ 4.9534966, 49.4234088 ], [ 4.9534221, 49.423359 ], [ 4.9532102, 49.4232706 ], [ 4.9530589, 49.4231728 ], [ 4.9528567, 49.4230202 ], [ 4.9521257, 49.4224698 ], [ 4.9510582, 49.4216014 ], [ 4.9507821, 49.4213999 ], [ 4.9507651, 49.4214224 ], [ 4.949703, 49.4229455 ], [ 4.9489691, 49.4239967 ], [ 4.9495623, 49.4239844 ], [ 4.9511976, 49.4242269 ], [ 4.9519334, 49.4243359 ], [ 4.9526264, 49.424443 ], [ 4.9538463, 49.4244245 ], [ 4.954044, 49.4244014 ], [ 4.9543547, 49.4243765 ], [ 4.9543593, 49.4243422 ] ] ] ] } },
{ "type": "Feature", "properties": { "fid": 159, "FRICHE": "Tribunal", "COMMUNE": "Vouziers", "site_id": "08490_01", "proprio_type": "P5a", "unite_fonciere_surface": 1760, "unite_fonciere_refcad": "08490000AH0256", "idprocpte": "08490+00013", "geompoint": "Point (4.699543 49.39575)", "proprio_personne": "personne morale", "surf_calc": 1756, "proprio_nom": "COMMUNE DE VOUZIERS" }, "geometry": { "type": "MultiPolygon", "coordinates": [ [ [ [ 4.6995588, 49.3955364 ], [ 4.6996272, 49.3955442 ], [ 4.699699, 49.3955526 ], [ 4.6997648, 49.3955602 ], [ 4.6998481, 49.3955699 ], [ 4.6997396, 49.3959737 ], [ 4.6996549, 49.3959642 ], [ 4.6996091, 49.395959 ], [ 4.699516, 49.3959486 ], [ 4.6994823, 49.3959448 ], [ 4.69934, 49.3959288 ], [ 4.6992045, 49.3954954 ], [ 4.6993474, 49.3955119 ], [ 4.6995588, 49.3955364 ] ] ] ] } },
{ "type": "Feature", "properties": { "fid": 160, "FRICHE": "Hôtel place Ducale", "COMMUNE": "Charleville-Mézières", "site_id": "08105_20", "proprio_type": "P5a|G2a X1a|G2c", "unite_fonciere_surface": 1603, "unite_fonciere_refcad": "08105000XA0059|08105000XA0441|08105000XA0467|08105000XA0468|08105000XA0470", "idprocpte": "08105+03773|08105D02374|08105*00788", "geompoint": "Point (4.719711 49.773154)", "proprio_personne": "personne morale|personne physique", "surf_calc": 1605, "proprio_nom": "_X_|COMMUNE DE CHARLEVILLE-MEZIERES|COPROPRIETE" }, "geometry": { "type": "MultiPolygon", "coordinates": [ [ [ [ 4.7199626, 49.7737665 ], [ 4.7199652, 49.7737713 ], [ 4.7199625, 49.7737718 ], [ 4.7199781, 49.773802 ], [ 4.7199489, 49.7738085 ], [ 4.7199608, 49.7738305 ], [ 4.719971, 49.7738283 ], [ 4.7199762, 49.7738364 ], [ 4.7199955, 49.773832 ], [ 4.7200079, 49.7738544 ], [ 4.7200083, 49.7738913 ], [ 4.7199922, 49.7738943 ], [ 4.7200082, 49.7739403 ], [ 4.7200127, 49.7739512 ], [ 4.720021, 49.7739495 ], [ 4.7200407, 49.7739925 ], [ 4.7200404, 49.7739956 ], [ 4.7200286, 49.7739984 ], [ 4.7200348, 49.7740095 ], [ 4.7201149, 49.7739911 ], [ 4.7201162, 49.7739929 ], [ 4.7201399, 49.7739872 ], [ 4.7201703, 49.7739798 ], [ 4.7201634, 49.7739672 ], [ 4.7201867, 49.7739618 ], [ 4.7201841, 49.7739572 ], [ 4.7202153, 49.7739503 ], [ 4.7202029, 49.7739282 ], [ 4.7201957, 49.7739298 ], [ 4.7201871, 49.7739141 ], [ 4.7201923, 49.773911 ], [ 4.7201871, 49.7738998 ], [ 4.7201944, 49.7738982 ], [ 4.7201971, 49.7738969 ], [ 4.7201999, 49.7738946 ], [ 4.7202013, 49.7738924 ], [ 4.7202016, 49.7738899 ], [ 4.7202015, 49.7738878 ], [ 4.7202009, 49.7738859 ], [ 4.7201996, 49.7738839 ], [ 4.7201976, 49.7738819 ], [ 4.7201961, 49.7738807 ], [ 4.7201946, 49.7738797 ], [ 4.7201918, 49.7738785 ], [ 4.7201888, 49.7738779 ], [ 4.7201852, 49.773878 ], [ 4.7201823, 49.7738783 ], [ 4.7201769, 49.7738792 ], [ 4.72017, 49.773867 ], [ 4.7201633, 49.7738658 ], [ 4.7201551, 49.7738515 ], [ 4.7201617, 49.7738498 ], [ 4.7201628, 49.7738467 ], [ 4.720159, 49.7738452 ], [ 4.7201293, 49.7738524 ], [ 4.7201161, 49.7738269 ], [ 4.7200774, 49.7738352 ], [ 4.7200524, 49.7737894 ], [ 4.7200317, 49.7737514 ], [ 4.7199626, 49.7737665 ] ] ], [ [ [ 4.7201711, 49.7732685 ], [ 4.7201223, 49.7731804 ], [ 4.7199548, 49.7732201 ], [ 4.7199, 49.7731199 ], [ 4.7199363, 49.7731113 ], [ 4.7199086, 49.7730563 ], [ 4.7199033, 49.7730574 ], [ 4.7198793, 49.7730105 ], [ 4.7198839, 49.7730095 ], [ 4.7198546, 49.7729564 ], [ 4.7195225, 49.7730288 ], [ 4.7194695, 49.7729285 ], [ 4.7193957, 49.7729458 ], [ 4.7193963, 49.772947 ], [ 4.7193903, 49.7729484 ], [ 4.719612, 49.7733496 ], [ 4.7197172, 49.7733263 ], [ 4.71972, 49.7733316 ], [ 4.7197973, 49.773314 ], [ 4.7198121, 49.7733409 ], [ 4.7198165, 49.773349 ], [ 4.719826, 49.7733468 ], [ 4.7198893, 49.7733324 ], [ 4.7200023, 49.7733069 ], [ 4.7200852, 49.773288 ], [ 4.7201711, 49.7732685 ] ] ] ] } },
{ "type": "Feature", "properties": { "fid": 161, "FRICHE": "Banque Caisse d’Épargne", "COMMUNE": "Rethel", "site_id": "08362_09", "proprio_type": "P5a", "unite_fonciere_surface": 813, "unite_fonciere_refcad": "08362000AH0292", "idprocpte": "08362+00197", "geompoint": "Point (4.364597 49.510699)", "proprio_personne": "personne morale", "surf_calc": 804, "proprio_nom": "COMMUNE DE RETHEL" }, "geometry": { "type": "MultiPolygon", "coordinates": [ [ [ [ 4.3644403, 49.5108927 ], [ 4.3643653, 49.5106315 ], [ 4.3643599, 49.5106188 ], [ 4.3643643, 49.5106163 ], [ 4.3643432, 49.5105877 ], [ 4.3643492, 49.5105669 ], [ 4.3644292, 49.5105319 ], [ 4.3644332, 49.5105361 ], [ 4.3644693, 49.5105346 ], [ 4.3644943, 49.51056 ], [ 4.3644999, 49.5105581 ], [ 4.3645179, 49.5105666 ], [ 4.3647188, 49.5106562 ], [ 4.3647736, 49.5106807 ], [ 4.3648441, 49.5107123 ], [ 4.3648351, 49.5107174 ], [ 4.3647564, 49.5107665 ], [ 4.3646761, 49.5108173 ], [ 4.3645894, 49.5108716 ], [ 4.3645796, 49.5108787 ], [ 4.3645507, 49.5108818 ], [ 4.3645083, 49.5108863 ], [ 4.3644842, 49.5108888 ], [ 4.3644403, 49.5108927 ] ] ] ] } },
{ "type": "Feature", "properties": { "fid": 162, "FRICHE": "Derichebourg propreté", "COMMUNE": "Vivier-au-Court", "site_id": "08488_01", "proprio_type": "G1a", "unite_fonciere_surface": 2945, "unite_fonciere_refcad": "08488000ZB0048", "idprocpte": "08488+00307", "geompoint": "Point (4.839483 49.721905)", "proprio_personne": "personne morale", "surf_calc": 3017, "proprio_nom": "SCI" }, "geometry": { "type": "MultiPolygon", "coordinates": [ [ [ [ 4.8389181, 49.7217735 ], [ 4.8402208, 49.7218135 ], [ 4.8400867, 49.7220436 ], [ 4.8400585, 49.7220916 ], [ 4.8387635, 49.722049 ], [ 4.8387192, 49.7219968 ], [ 4.8389181, 49.7217735 ] ] ] ] } },
{ "type": "Feature", "properties": { "fid": 163, "FRICHE": "Garages Vivier Autos", "COMMUNE": "Vivier-au-Court", "site_id": "08488_02", "proprio_type": "G1a", "unite_fonciere_surface": 865, "unite_fonciere_refcad": "08488000AC0249", "idprocpte": "08488+00207", "geompoint": "Point (4.835499 49.73454)", "proprio_personne": "personne morale", "surf_calc": 869, "proprio_nom": "SCI" }, "geometry": { "type": "MultiPolygon", "coordinates": [ [ [ [ 4.8354679, 49.7346398 ], [ 4.8353188, 49.734468 ], [ 4.8352385, 49.7343722 ], [ 4.8354332, 49.7342838 ], [ 4.835501, 49.7344027 ], [ 4.8356785, 49.7346122 ], [ 4.8358176, 49.7347663 ], [ 4.8358085, 49.7348343 ], [ 4.8357961, 49.7348504 ], [ 4.8357047, 49.7347894 ], [ 4.8356495, 49.7347878 ], [ 4.8356384, 49.7347838 ], [ 4.8355499, 49.7347017 ], [ 4.8354775, 49.734636 ], [ 4.8354679, 49.7346398 ] ] ] ] } },
{ "type": "Feature", "properties": { "fid": 164, "FRICHE": "Local en friche RD 105 (garage ?)", "COMMUNE": "Vivier-au-Court", "site_id": "08488_03", "proprio_type": "G1a", "unite_fonciere_surface": 2452, "unite_fonciere_refcad": "08488000ZB0055", "idprocpte": "08488+00144", "geompoint": "Point (4.841685 49.718705)", "proprio_personne": "personne morale", "surf_calc": 2383, "proprio_nom": "SCI" }, "geometry": { "type": "MultiPolygon", "coordinates": [ [ [ [ 4.8414911, 49.7184577 ], [ 4.8421365, 49.7185244 ], [ 4.8418911, 49.7189512 ], [ 4.8412249, 49.7188854 ], [ 4.8414911, 49.7184577 ] ] ] ] } },
{ "type": "Feature", "properties": { "fid": 165, "FRICHE": "Magasin Lidl", "COMMUNE": "Vivier-au-Court", "site_id": "08488_04", "proprio_type": "Z1a", "unite_fonciere_surface": 6214, "unite_fonciere_refcad": "08488000AD0089|08488000AD0090|08488000AD0091|08488000AD0326|08488000AD0327", "idprocpte": "08488+00240", "geompoint": "Point (4.837805 49.732873)", "proprio_personne": "personne morale", "surf_calc": 3639, "proprio_nom": "_X_" }, "geometry": { "type": "MultiPolygon", "coordinates": [ [ [ [ 4.8385948375, 49.7330259814 ], [ 4.8386039766, 49.7327501459 ], [ 4.8379629, 49.732733 ], [ 4.8375765, 49.7327242 ], [ 4.8370613, 49.7327094 ], [ 4.8370228, 49.7328418 ], [ 4.8369976, 49.7329282 ], [ 4.8369757, 49.7330019 ], [ 4.8373262, 49.7330093 ], [ 4.8377134, 49.733017 ], [ 4.8379702, 49.733021 ], [ 4.8382341, 49.7330216 ], [ 4.8385948375, 49.7330259814 ] ] ] ] } },
{ "type": "Feature", "properties": { "fid": 166, "FRICHE": "Friche Manil (bas)", "COMMUNE": "Vivier-au-Court", "site_id": "08488_05", "proprio_type": "P5a", "unite_fonciere_surface": 14161, "unite_fonciere_refcad": "08488000AC0043|08488000AC0044|08488000AC0045|08488000AC0308|08488000AC0309|08488000AC0310", "idprocpte": "08488+00103", "geompoint": "Point (4.829609 49.735422)", "proprio_personne": "personne morale", "surf_calc": 13861, "proprio_nom": "COMMUNE DE VIVIER AU COURT" }, "geometry": { "type": "MultiPolygon", "coordinates": [ [ [ [ 4.8289345552, 49.7357926187 ], [ 4.8307698, 49.735856 ], [ 4.8306824, 49.7356162 ], [ 4.8304231, 49.7351997 ], [ 4.8303, 49.7349507 ], [ 4.8302604, 49.7349541 ], [ 4.8302239, 49.7347903 ], [ 4.829175, 49.7349112 ], [ 4.8291122, 49.7349233 ], [ 4.8287789, 49.7349868 ], [ 4.8284295, 49.7351272 ], [ 4.8284793, 49.7351923 ], [ 4.8288392, 49.7356659 ], [ 4.8289345552, 49.7357926187 ] ] ] ] } },
{ "type": "Feature", "properties": { "fid": 167, "FRICHE": "Friche Manil (haut)", "COMMUNE": "Vivier-au-Court", "site_id": "08488_06", "proprio_type": "P5a", "unite_fonciere_surface": 13455, "unite_fonciere_refcad": "08488000AC0047|08488000AC0307|08488000AC0342|08488000AC0343", "idprocpte": "08488+00103", "geompoint": "Point (4.830139 49.736549)", "proprio_personne": "personne morale", "surf_calc": 13766, "proprio_nom": "COMMUNE DE VIVIER AU COURT" }, "geometry": { "type": "MultiPolygon", "coordinates": [ [ [ [ 4.8290802, 49.7359871 ], [ 4.8291358, 49.7360623 ], [ 4.8291927, 49.7361419 ], [ 4.8291989, 49.7361505 ], [ 4.8292514, 49.7362192 ], [ 4.8292791, 49.736262 ], [ 4.8293346, 49.7363477 ], [ 4.8293571, 49.7363627 ], [ 4.8293714, 49.7363943 ], [ 4.8295671, 49.7368048 ], [ 4.8297705, 49.7372334 ], [ 4.8301694, 49.7370303 ], [ 4.8303472, 49.7369389 ], [ 4.8304923, 49.7368653 ], [ 4.8305528, 49.7368346 ], [ 4.830813, 49.7367056 ], [ 4.8308574, 49.736198 ], [ 4.8308618, 49.736119 ], [ 4.8307698, 49.735856 ], [ 4.8289345552, 49.7357926187 ], [ 4.8290426, 49.7359362 ], [ 4.8290802, 49.7359871 ] ] ] ] } },
{ "type": "Feature", "properties": { "fid": 168, "FRICHE": "Usine Jardinier-Massard", "COMMUNE": "Vrigne aux Bois", "site_id": "08491_01", "proprio_type": "P5a|Z1a", "unite_fonciere_surface": 45352, "unite_fonciere_refcad": "08491000AD0779|08491000AD0780|08491000ZE0103|08491000ZE0104|08491000ZE0105|08491000ZE0106|08491000ZE0264", "idprocpte": "08491+00391|08491+00399", "geompoint": "Point (4.85453 49.733738)", "proprio_personne": "personne morale", "surf_calc": 45281, "proprio_nom": "_X_|COMMUNE DE VRIGNE-AUX-BOIS" }, "geometry": { "type": "MultiPolygon", "coordinates": [ [ [ [ 4.8554233, 49.7364738 ], [ 4.8556006, 49.736371 ], [ 4.8556138, 49.7363779 ], [ 4.8557274, 49.7363137 ], [ 4.8560632, 49.7361208 ], [ 4.8558277, 49.7359453 ], [ 4.8558683, 49.7359231 ], [ 4.8558767, 49.7359185 ], [ 4.8558842, 49.7359144 ], [ 4.855824, 49.7358744 ], [ 4.8558304, 49.7358715 ], [ 4.8558187, 49.7358555 ], [ 4.8558062, 49.7358383 ], [ 4.8557275, 49.7357313 ], [ 4.8557115, 49.7357096 ], [ 4.8557376, 49.7357029 ], [ 4.8557626, 49.7356964 ], [ 4.8556739, 49.7355749 ], [ 4.855986, 49.7354761 ], [ 4.8560133, 49.7354674 ], [ 4.8559496, 49.7353686 ], [ 4.8558472, 49.7352099 ], [ 4.8560485, 49.7351494 ], [ 4.8560123, 49.735114 ], [ 4.856007, 49.7351088 ], [ 4.8561437, 49.7350516 ], [ 4.8561208, 49.7350293 ], [ 4.8561996, 49.7349979 ], [ 4.8562019, 49.7350002 ], [ 4.8562347, 49.7349901 ], [ 4.8562087, 49.7349575 ], [ 4.8561517, 49.734886 ], [ 4.8561363, 49.7348925 ], [ 4.8559583, 49.7349676 ], [ 4.85575, 49.7347014 ], [ 4.8555478, 49.7344386 ], [ 4.8555458, 49.7344357 ], [ 4.8553187, 49.7345011 ], [ 4.8552546, 49.7345196 ], [ 4.855033, 49.7345837 ], [ 4.8548815, 49.734628 ], [ 4.8548138, 49.7346476 ], [ 4.8544289, 49.7347601 ], [ 4.8542713, 49.7348794 ], [ 4.8543593, 49.7350083 ], [ 4.8544772, 49.7351807 ], [ 4.8544826, 49.7351886 ], [ 4.8546171, 49.7353762 ], [ 4.854741, 49.7355457 ], [ 4.8547254, 49.7355517 ], [ 4.854839, 49.7357021 ], [ 4.8550097, 49.7359231 ], [ 4.8551792, 49.736143 ], [ 4.8552477, 49.7361196 ], [ 4.8552892, 49.7361053 ], [ 4.8553311, 49.7360909 ], [ 4.8553991, 49.736141 ], [ 4.855564, 49.7362627 ], [ 4.8554632, 49.736322 ], [ 4.855339, 49.7363614 ], [ 4.8554233, 49.7364738 ] ] ], [ [ [ 4.8541127, 49.7347118 ], [ 4.8543171, 49.7346928 ], [ 4.8547194, 49.7345788 ], [ 4.854798, 49.7345556 ], [ 4.854799, 49.7345553 ], [ 4.8551552, 49.7344551 ], [ 4.8552103, 49.7344385 ], [ 4.8556019, 49.7343272 ], [ 4.8557415, 49.7341424 ], [ 4.8557358, 49.7341275 ], [ 4.8557195, 49.7340803 ], [ 4.8557064, 49.7340345 ], [ 4.8556913, 49.7339953 ], [ 4.8556768, 49.7339468 ], [ 4.8555276, 49.7334959 ], [ 4.8552825, 49.732728 ], [ 4.8547345, 49.7327794 ], [ 4.8529022, 49.7329516 ], [ 4.853203, 49.733385 ], [ 4.853773, 49.7342116 ], [ 4.8541127, 49.7347118 ] ] ] ] } },
{ "type": "Feature", "properties": { "fid": 169, "FRICHE": "Gare de Wasigny-La-Neuville", "COMMUNE": "Wasigny", "site_id": "08499_01", "proprio_type": "X1a", "unite_fonciere_surface": 1751, "unite_fonciere_refcad": "084990000C0479|084990000C0483", "idprocpte": "08499L00139", "geompoint": "Point (4.347069 49.624226)", "proprio_personne": "personne physique", "surf_calc": 1809, "proprio_nom": "_X_" }, "geometry": { "type": "MultiPolygon", "coordinates": [ [ [ [ 4.3470144286, 49.6238223219 ], [ 4.3466311323, 49.6240196201 ], [ 4.3467298524, 49.6241016602 ], [ 4.3467968938, 49.6241574484 ], [ 4.3468154605, 49.6241479856 ], [ 4.3469973132, 49.6242979482 ], [ 4.3469778325, 49.6243094882 ], [ 4.3463177517, 49.6246669531 ], [ 4.3463597938, 49.6247032461 ], [ 4.3473772299, 49.6241405008 ], [ 4.3471105471, 49.6239053792 ], [ 4.3470144286, 49.6238223219 ] ] ] ] } },
{ "type": "Feature", "properties": { "fid": 170, "FRICHE": "Raynaud récupération métaux", "COMMUNE": "Balan", "site_id": "08043_01", "proprio_type": "Z1a", "unite_fonciere_surface": 5228, "unite_fonciere_refcad": "080430000A0503|080430000A0504|080430000A0576", "idprocpte": "08043+00086", "geompoint": "Point (4.963793 49.692383)", "proprio_personne": "personne morale", "surf_calc": 5383, "proprio_nom": "_X_" }, "geometry": { "type": "MultiPolygon", "coordinates": [ [ [ [ 4.9643646, 49.692296 ], [ 4.9644444, 49.6922484 ], [ 4.9644631, 49.6922372 ], [ 4.9647536, 49.6920633 ], [ 4.9647292, 49.6920226 ], [ 4.9646339, 49.6918643 ], [ 4.9644602, 49.6919162 ], [ 4.9644347, 49.6918881 ], [ 4.9643751, 49.6919041 ], [ 4.9643393, 49.6919135 ], [ 4.9643228, 49.6918986 ], [ 4.9642294, 49.6919291 ], [ 4.9642182, 49.6919329 ], [ 4.9642305, 49.6919488 ], [ 4.9642105, 49.691957 ], [ 4.9641808, 49.6919228 ], [ 4.9641346, 49.6918695 ], [ 4.9640057, 49.6919492 ], [ 4.9639107, 49.6920071 ], [ 4.9638624, 49.6920367 ], [ 4.9638378, 49.6920511 ], [ 4.9637727, 49.6920937 ], [ 4.9635447, 49.6922541 ], [ 4.963462, 49.6923127 ], [ 4.9633932, 49.6923614 ], [ 4.9632157, 49.6924877 ], [ 4.9632451, 49.6925128 ], [ 4.9635811, 49.6927059 ], [ 4.9638823, 49.6928805 ], [ 4.9640445, 49.6927854 ], [ 4.9641094, 49.6927468 ], [ 4.963984, 49.6926708 ], [ 4.9638666, 49.6926015 ], [ 4.9641867, 49.6924051 ], [ 4.9643646, 49.692296 ] ] ] ] } },
{ "type": "Feature", "properties": { "fid": 172, "FRICHE": "Brasserie Colinet", "COMMUNE": "Boulzicourt", "site_id": "08076_01", "proprio_type": "X1a", "unite_fonciere_surface": 2112, "unite_fonciere_refcad": "08076000AC0063", "idprocpte": "08076C00014", "geompoint": "Point (4.692998 49.69586)", "proprio_personne": "personne physique", "surf_calc": 2128, "proprio_nom": "_X_" }, "geometry": { "type": "MultiPolygon", "coordinates": [ [ [ [ 4.6925506, 49.6958145 ], [ 4.6926455, 49.6957706 ], [ 4.6926623, 49.695763 ], [ 4.6927784, 49.6957095 ], [ 4.6928158, 49.6956927 ], [ 4.6928407, 49.6956816 ], [ 4.6928545, 49.6956946 ], [ 4.6928934, 49.6956767 ], [ 4.6930293, 49.6956542 ], [ 4.6930682, 49.6956478 ], [ 4.6931048, 49.6956418 ], [ 4.6931889, 49.6956283 ], [ 4.6932598, 49.6956986 ], [ 4.6933447, 49.6957828 ], [ 4.6933813, 49.6958189 ], [ 4.6934523, 49.6958893 ], [ 4.6932593, 49.6959762 ], [ 4.6930239, 49.6960818 ], [ 4.6929007, 49.6961372 ], [ 4.692811, 49.696084 ], [ 4.692807, 49.6960806 ], [ 4.6926025, 49.6959083 ], [ 4.6925506, 49.6958145 ] ] ] ] } },
{ "type": "Feature", "properties": { "fid": 173, "FRICHE": "Aldi", "COMMUNE": "Balan", "site_id": "08043_02", "proprio_type": "F7b", "unite_fonciere_surface": 3639, "unite_fonciere_refcad": "080430000B0109|080430000B0110|080430000B0111|080430000B0113|080430000B0803|080430000B0855|080430000B0870|080430000B0871", "idprocpte": "08043+00157", "geompoint": "Point (4.96141 49.690927)", "proprio_personne": "personne morale", "surf_calc": 3697, "proprio_nom": "IMMALDI ET COMPAGNIE" }, "geometry": { "type": "MultiPolygon", "coordinates": [ [ [ [ 4.9609231, 49.6909406 ], [ 4.9609788, 49.6909663 ], [ 4.9611205, 49.6910323 ], [ 4.9611635, 49.6910553 ], [ 4.9614992, 49.6912109 ], [ 4.9615779, 49.6912475 ], [ 4.9615156, 49.691301 ], [ 4.9615478, 49.6913157 ], [ 4.9616122, 49.6912635 ], [ 4.9618291, 49.6911211 ], [ 4.9618756, 49.6910901 ], [ 4.9619261, 49.6910563 ], [ 4.9620404, 49.6909813 ], [ 4.9618964, 49.6909132 ], [ 4.9618, 49.6908675 ], [ 4.9616212, 49.6907832 ], [ 4.9615912, 49.6907693 ], [ 4.961556, 49.690753 ], [ 4.9614473, 49.6907025 ], [ 4.961377, 49.6906693 ], [ 4.9613425, 49.6906554 ], [ 4.9610879, 49.6905465 ], [ 4.9610235, 49.690587 ], [ 4.960993, 49.6906062 ], [ 4.9608808, 49.6906739 ], [ 4.9608235, 49.6907093 ], [ 4.9606992, 49.6907855 ], [ 4.9606599, 49.6908101 ], [ 4.9607537, 49.690861 ], [ 4.9609231, 49.6909406 ] ] ] ] } },
{ "type": "Feature", "properties": { "fid": 174, "FRICHE": "Château Évain", "COMMUNE": "Vrigne aux Bois", "site_id": "08491_02", "proprio_type": "P5a", "unite_fonciere_surface": 4088, "unite_fonciere_refcad": "08491000AD0286", "idprocpte": "08491+00006", "geompoint": "Point (4.857901 49.735881)", "proprio_personne": "personne morale", "surf_calc": 2489, "proprio_nom": "COMMUNE DE VRIGNE-AUX-BOIS" }, "geometry": { "type": "MultiPolygon", "coordinates": [ [ [ [ 4.8576212, 49.7356439 ], [ 4.857681, 49.7356767 ], [ 4.8577323, 49.735705 ], [ 4.8578629, 49.7356031 ], [ 4.8579941, 49.7356724 ], [ 4.8579966, 49.7356713 ], [ 4.8580619, 49.7357058 ], [ 4.8580563, 49.7357074 ], [ 4.8581814, 49.7357773 ], [ 4.8581646, 49.7357908 ], [ 4.8582791, 49.7358528 ], [ 4.8584009031, 49.7359207635 ], [ 4.8581975539, 49.7360848044 ], [ 4.8581804926, 49.7360961193 ], [ 4.858056738, 49.7361963752 ], [ 4.8578956, 49.7361259 ], [ 4.8578308, 49.7360896 ], [ 4.8577456, 49.7360417 ], [ 4.8575227, 49.7359101 ], [ 4.8574366, 49.7358607 ], [ 4.8574015, 49.7358405 ], [ 4.8573636, 49.7358141 ], [ 4.857385, 49.7357994 ], [ 4.8574028, 49.7358074 ], [ 4.8576212, 49.7356439 ] ] ] ] } },
{ "type": "Feature", "properties": { "fid": 175, "FRICHE": "Hôtel-restaurant Le Relais", "COMMUNE": "Sedan", "site_id": "08409_06", "proprio_type": "G1a", "unite_fonciere_surface": 3128, "unite_fonciere_refcad": "08409000AW0203|08409000AW0233", "idprocpte": "08409+01907", "geompoint": "Point (4.926149 49.694434)", "proprio_personne": "personne morale", "surf_calc": 3162, "proprio_nom": "SCI" }, "geometry": { "type": "MultiPolygon", "coordinates": [ [ [ [ 4.925975, 49.6946532 ], [ 4.9259289, 49.6946851 ], [ 4.9259239, 49.6946884 ], [ 4.9260115, 49.6947289 ], [ 4.9261702, 49.6948028 ], [ 4.9262618, 49.694734 ], [ 4.9265126, 49.6945532 ], [ 4.926627, 49.6944707 ], [ 4.9264142, 49.6943503 ], [ 4.9265573, 49.6942517 ], [ 4.9266562, 49.6941833 ], [ 4.9265343, 49.6940842 ], [ 4.9264444, 49.694016 ], [ 4.926417, 49.6939952 ], [ 4.9262457, 49.6940885 ], [ 4.926144, 49.6941439 ], [ 4.9260279, 49.6942068 ], [ 4.9257528, 49.6943555 ], [ 4.9256748, 49.694398 ], [ 4.9260339, 49.6946127 ], [ 4.925975, 49.6946532 ] ] ] ] } },
{ "type": "Feature", "properties": { "fid": 176, "FRICHE": "Hôtel des Roches", "COMMUNE": "Fumay", "site_id": "08185_03", "proprio_type": "G1a", "unite_fonciere_surface": 844, "unite_fonciere_refcad": "08185000AP0057|08185000AP0095", "idprocpte": "08185+00200", "geompoint": "Point (4.697222 49.990578)", "proprio_personne": "personne morale", "surf_calc": 849, "proprio_nom": "SCI" }, "geometry": { "type": "MultiPolygon", "coordinates": [ [ [ [ 4.6975623, 49.9904689 ], [ 4.697566, 49.9904549 ], [ 4.6975765, 49.9904189 ], [ 4.6975965, 49.9903917 ], [ 4.6973309, 49.9904832 ], [ 4.6973046, 49.9904522 ], [ 4.6972104, 49.9904843 ], [ 4.6972346, 49.9905157 ], [ 4.6968997, 49.9906318 ], [ 4.6969379, 49.9906799 ], [ 4.696969, 49.9907212 ], [ 4.6970278, 49.9907021 ], [ 4.6972046, 49.9906413 ], [ 4.6975461, 49.9905238 ], [ 4.6975875, 49.9905114 ], [ 4.6975623, 49.9904689 ] ] ], [ [ [ 4.6977176, 49.9906294 ], [ 4.6975928, 49.9906579 ], [ 4.6974728, 49.9906938 ], [ 4.6975302, 49.9907554 ], [ 4.6975701, 49.9907518 ], [ 4.6975989, 49.9907304 ], [ 4.6977512, 49.9907094 ], [ 4.6978754, 49.990694 ], [ 4.6978611, 49.9906607 ], [ 4.6978508, 49.9906384 ], [ 4.6978376, 49.9906124 ], [ 4.6977176, 49.9906294 ] ] ] ] } },
{ "type": "Feature", "properties": { "fid": 177, "FRICHE": "Hôtel François 1er", "COMMUNE": "Revin", "site_id": "08363_06", "proprio_type": "F7b", "unite_fonciere_surface": 659, "unite_fonciere_refcad": "08363000AE0421", "idprocpte": "08363+00759", "geompoint": "Point (4.640023 49.943653)", "proprio_personne": "personne morale", "surf_calc": 662, "proprio_nom": "TAYLAN IMMO PRO" }, "geometry": { "type": "MultiPolygon", "coordinates": [ [ [ [ 4.6401312, 49.9436146 ], [ 4.6401326, 49.9436677 ], [ 4.640131, 49.9436691 ], [ 4.6401293, 49.9436704 ], [ 4.640131, 49.9437514 ], [ 4.6401332, 49.9438391 ], [ 4.6401333, 49.9438464 ], [ 4.6398016, 49.9438592 ], [ 4.6398019, 49.9438418 ], [ 4.6398032, 49.943727 ], [ 4.6399107, 49.9437236 ], [ 4.6399116, 49.943705 ], [ 4.6399148, 49.9436384 ], [ 4.6399176, 49.9435643 ], [ 4.6399214, 49.9434472 ], [ 4.6399673, 49.9434486 ], [ 4.6400179, 49.943449 ], [ 4.6400203, 49.9435385 ], [ 4.6400241, 49.9436157 ], [ 4.6401312, 49.9436146 ] ] ] ] } },
{ "type": "Feature", "properties": { "fid": 178, "FRICHE": "Hôtel À l’Impératrice Eugénie", "COMMUNE": "Aubrives", "site_id": "08028_01", "proprio_type": "X1a", "unite_fonciere_surface": 2092, "unite_fonciere_refcad": "080280000A0026|080280000A0027|080280000A0972|080280000A0973", "idprocpte": "08028K00016", "geompoint": "Point (4.769692 50.116375)", "proprio_personne": "personne physique", "surf_calc": 2125, "proprio_nom": "_X_" }, "geometry": { "type": "MultiPolygon", "coordinates": [ [ [ [ 4.7696622, 50.1166819 ], [ 4.7697138, 50.1167111 ], [ 4.7697481, 50.1166855 ], [ 4.7698643, 50.1165972 ], [ 4.7699956, 50.1166632 ], [ 4.7700505, 50.1166924 ], [ 4.7700849, 50.1166633 ], [ 4.7702321, 50.1165513 ], [ 4.7702311, 50.1165301 ], [ 4.7696409, 50.1162123 ], [ 4.7692031, 50.1165887 ], [ 4.769366, 50.1166975 ], [ 4.7695045, 50.1165955 ], [ 4.769539, 50.1166137 ], [ 4.7696622, 50.1166819 ] ] ] ] } },
{ "type": "Feature", "properties": { "fid": 179, "FRICHE": "Tôlerie J. Nicolas", "COMMUNE": "Remilly-Aillicourt", "site_id": "08357_01", "proprio_type": "G1a", "unite_fonciere_surface": 11871, "unite_fonciere_refcad": "08357000AB0064|08357000AB0162", "idprocpte": "08357+00088", "geompoint": "Point (4.985761 49.656259)", "proprio_personne": "personne morale", "surf_calc": 11890, "proprio_nom": "SCI" }, "geometry": { "type": "MultiPolygon", "coordinates": [ [ [ [ 4.9862173, 49.6558679 ], [ 4.9859754, 49.6556845 ], [ 4.9858954, 49.6556467 ], [ 4.9858093, 49.6556295 ], [ 4.985697, 49.6556311 ], [ 4.985641, 49.6556376 ], [ 4.9853918, 49.6556733 ], [ 4.9852535, 49.6556923 ], [ 4.9852116, 49.6557004 ], [ 4.9850948, 49.6557619 ], [ 4.9850795, 49.6557684 ], [ 4.9851581, 49.6558301 ], [ 4.9846236, 49.656101 ], [ 4.9849098, 49.6563399 ], [ 4.9855608, 49.6568827 ], [ 4.9855731, 49.6568928 ], [ 4.9859592, 49.6566932 ], [ 4.9862077, 49.6565661 ], [ 4.9862578, 49.65654 ], [ 4.9866946, 49.6563134 ], [ 4.9867094, 49.6563242 ], [ 4.986747, 49.6563048 ], [ 4.9867159, 49.6562745 ], [ 4.9866684, 49.6562126 ], [ 4.986624, 49.6561792 ], [ 4.9864208, 49.6560235 ], [ 4.9862173, 49.6558679 ] ] ] ] } },
{ "type": "Feature", "properties": { "fid": 180, "FRICHE": "Ancien corps de ferme", "COMMUNE": "Bossus-lès-Rumigny", "site_id": "08073_01", "proprio_type": "P5a", "unite_fonciere_surface": 952, "unite_fonciere_refcad": "080730000C0157", "idprocpte": "08073+00020", "geompoint": "Point (4.256988 49.838208)", "proprio_personne": "personne morale", "surf_calc": 946, "proprio_nom": "COMMUNE DE BOSSUS LES RUMIGNY" }, "geometry": { "type": "MultiPolygon", "coordinates": [ [ [ [ 4.2570694, 49.8380142 ], [ 4.2571535, 49.8381005 ], [ 4.2572204, 49.8381689 ], [ 4.2571991, 49.8381817 ], [ 4.2572467, 49.838227 ], [ 4.2572913, 49.8383313 ], [ 4.2571533, 49.8383595 ], [ 4.2568762, 49.8383274 ], [ 4.2567289, 49.8381897 ], [ 4.2567756, 49.8381645 ], [ 4.256761, 49.8381513 ], [ 4.2568186, 49.8381211 ], [ 4.256847, 49.8381064 ], [ 4.2570694, 49.8380142 ] ] ] ] } },
{ "type": "Feature", "properties": { "fid": 181, "FRICHE": "Ancienne gendarmerie", "COMMUNE": "Rumigny", "site_id": "08373_01", "proprio_type": "X1a", "unite_fonciere_surface": 1810, "unite_fonciere_refcad": "08373000AB0053|08373000AB0117|08373000AB0118|08373000AB0119", "idprocpte": "08373D00153", "geompoint": "Point (4.264713 49.808251)", "proprio_personne": "personne physique", "surf_calc": 1804, "proprio_nom": "_X_" }, "geometry": { "type": "MultiPolygon", "coordinates": [ [ [ [ 4.2653297, 49.8083899 ], [ 4.2652131, 49.8083254 ], [ 4.2651706, 49.8082969 ], [ 4.2651748, 49.8082951 ], [ 4.2650129, 49.8082288 ], [ 4.2649238, 49.8081923 ], [ 4.2648585, 49.8081662 ], [ 4.2646233, 49.8080963 ], [ 4.2642486, 49.8079832 ], [ 4.2640563, 49.8081277 ], [ 4.2642068, 49.8081888 ], [ 4.2645049, 49.8083101 ], [ 4.2645385, 49.8083149 ], [ 4.2646744, 49.8083407 ], [ 4.2647065, 49.8083184 ], [ 4.2647538, 49.8082697 ], [ 4.2648646, 49.8083145 ], [ 4.2650283, 49.8083906 ], [ 4.2649996, 49.8084153 ], [ 4.2650379, 49.8084487 ], [ 4.2651584, 49.8085154 ], [ 4.2652041, 49.8084814 ], [ 4.2653297, 49.8083899 ] ] ] ] } },
{ "type": "Feature", "properties": { "fid": 182, "FRICHE": "Garage Dumont", "COMMUNE": "Charleville-Mézières", "site_id": "08105_21", "proprio_type": "F4a", "unite_fonciere_surface": 11391, "unite_fonciere_refcad": "08105000CY0637", "idprocpte": "08105+04199", "geompoint": "Point (4.735828 49.740177)", "proprio_personne": "personne morale", "surf_calc": 11224, "proprio_nom": "SOC EQUIPEMENT AMENAGEMENT DES ARDENNES" }, "geometry": { "type": "MultiPolygon", "coordinates": [ [ [ [ 4.7359426, 49.7395879 ], [ 4.7364342, 49.739894 ], [ 4.7368248, 49.7401374 ], [ 4.7362837, 49.7404968 ], [ 4.7352881, 49.7407501 ], [ 4.7348886, 49.7402155 ], [ 4.7347018, 49.7399659 ], [ 4.7347268, 49.7399585 ], [ 4.7356872, 49.7396657 ], [ 4.7357564, 49.7396447 ], [ 4.7359426, 49.7395879 ] ] ] ] } },
{ "type": "Feature", "properties": { "fid": 183, "FRICHE": "Gendarmerie de Novion-Porcien", "COMMUNE": "Novion-Porcien", "site_id": "08329_02", "proprio_type": "P3a F7d", "unite_fonciere_surface": 2782, "unite_fonciere_refcad": "08329000AL0180|08329000AL0261", "idprocpte": "08329+00059", "geompoint": "Point (4.419202 49.600463)", "proprio_personne": "personne morale", "surf_calc": 2782, "proprio_nom": "BATIMUR|DEPARTEMENT DES ARDENNES" }, "geometry": { "type": "MultiPolygon", "coordinates": [ [ [ [ 4.4187093239, 49.6001982188 ], [ 4.4186434442, 49.6002662173 ], [ 4.4186339059, 49.6003263675 ], [ 4.418652967, 49.6003905877 ], [ 4.4187069789, 49.6004435245 ], [ 4.4193474353, 49.6007005553 ], [ 4.4194933053, 49.6007547552 ], [ 4.4198256161, 49.6005351634 ], [ 4.4196973651, 49.6004830049 ], [ 4.4192062622, 49.6002861574 ], [ 4.4188033985, 49.600124678 ], [ 4.4187093239, 49.6001982188 ] ] ] ] } },
{ "type": "Feature", "properties": { "fid": 184, "FRICHE": "Gendarmerie de Vireux-Wallerand", "COMMUNE": "Vireux-Wallerand", "site_id": "08487_01", "proprio_type": "P3a F7d", "unite_fonciere_surface": 3890, "unite_fonciere_refcad": "08487000AB0111|08487000AB0114|08487000AB0116", "idprocpte": "08487+00126", "geompoint": "Point (4.731948 50.075973)", "proprio_personne": "personne morale", "surf_calc": 3899, "proprio_nom": "BATIMUR|DEPARTEMENT DES ARDENNES" }, "geometry": { "type": "MultiPolygon", "coordinates": [ [ [ [ 4.7310529, 50.075879 ], [ 4.7311165, 50.0758757 ], [ 4.7311169, 50.0758787 ], [ 4.7311609, 50.0758762 ], [ 4.7311619, 50.0758948 ], [ 4.7312277, 50.0758907 ], [ 4.7312303, 50.0758723 ], [ 4.7312411, 50.0758717 ], [ 4.7312265, 50.0757654 ], [ 4.7312993, 50.0757609 ], [ 4.7312969, 50.0757411 ], [ 4.7312825, 50.0757414 ], [ 4.7312834, 50.0757524 ], [ 4.7312608, 50.0757532 ], [ 4.7312484, 50.0756537 ], [ 4.7312453, 50.0756219 ], [ 4.7310721, 50.0756345 ], [ 4.7310178, 50.0756385 ], [ 4.7310529, 50.075879 ] ] ], [ [ [ 4.731793, 50.0756203 ], [ 4.7317455, 50.0756217 ], [ 4.7317445, 50.0756408 ], [ 4.7317318, 50.0756411 ], [ 4.7317452, 50.0757314 ], [ 4.7316695, 50.0757348 ], [ 4.731673, 50.0757565 ], [ 4.7316875, 50.0757559 ], [ 4.7316877, 50.075745 ], [ 4.7317095, 50.0757448 ], [ 4.7317231, 50.0758427 ], [ 4.7317858, 50.075839 ], [ 4.7317998, 50.0759379 ], [ 4.7318118, 50.0759375 ], [ 4.7318129, 50.075957 ], [ 4.7317799, 50.0759589 ], [ 4.7317841, 50.0759923 ], [ 4.7316509, 50.0760009 ], [ 4.7316639, 50.0761019 ], [ 4.7315746, 50.0761056 ], [ 4.7315809, 50.0761511 ], [ 4.7316369, 50.0763304 ], [ 4.731642, 50.0763381 ], [ 4.7316529, 50.0763454 ], [ 4.7316622, 50.0763481 ], [ 4.7316787, 50.0763495 ], [ 4.7317042, 50.0763486 ], [ 4.731713, 50.0764189 ], [ 4.7317333, 50.0764187 ], [ 4.7319355, 50.0764041 ], [ 4.7319238, 50.0763311 ], [ 4.7319949, 50.0763284 ], [ 4.7319949, 50.0763241 ], [ 4.7320568, 50.0761421 ], [ 4.7321319, 50.0759207 ], [ 4.7321537, 50.0758291 ], [ 4.7321619, 50.0757091 ], [ 4.7321742, 50.0755535 ], [ 4.7317882, 50.0755819 ], [ 4.731793, 50.0756203 ] ] ], [ [ [ 4.7312941, 50.0764995 ], [ 4.7313253, 50.0764811 ], [ 4.731325, 50.0764779 ], [ 4.7313209, 50.0764013 ], [ 4.7313326, 50.0764006 ], [ 4.7313194, 50.0763013 ], [ 4.7313554, 50.0762996 ], [ 4.731341, 50.076194 ], [ 4.731368, 50.0761935 ], [ 4.7313714, 50.0762196 ], [ 4.731387, 50.0762193 ], [ 4.731382, 50.0761824 ], [ 4.73134, 50.0761843 ], [ 4.7312904, 50.0761865 ], [ 4.7312857, 50.0761562 ], [ 4.7313353, 50.0761535 ], [ 4.7313227, 50.0760567 ], [ 4.731344, 50.0760557 ], [ 4.7313445, 50.0760653 ], [ 4.7313598, 50.076065 ], [ 4.7313583, 50.0760449 ], [ 4.7312827, 50.0760472 ], [ 4.7312692, 50.0759415 ], [ 4.7312907, 50.0759413 ], [ 4.7312916, 50.0759516 ], [ 4.7313065, 50.0759518 ], [ 4.7313054, 50.07593 ], [ 4.7312299, 50.0759343 ], [ 4.7312299, 50.0759434 ], [ 4.7311452, 50.0759473 ], [ 4.7311451, 50.0759533 ], [ 4.7310808, 50.0759562 ], [ 4.7311542, 50.0763121 ], [ 4.7311093, 50.0763162 ], [ 4.7311187, 50.0763756 ], [ 4.731124, 50.0763868 ], [ 4.7311432, 50.0764092 ], [ 4.7311794, 50.0764395 ], [ 4.7312941, 50.0764995 ] ] ] ] } },
{ "type": "Feature", "properties": { "fid": 185, "FRICHE": "Gendarmerie de Rimogne", "COMMUNE": "Rimogne", "site_id": "08365_02", "proprio_type": "P3a F7d", "unite_fonciere_surface": 2069, "unite_fonciere_refcad": "08365000AA0023|08365000AA0024", "idprocpte": "08365+00094", "geompoint": "Point (4.53179 49.84381)", "proprio_personne": "personne morale", "surf_calc": 2051, "proprio_nom": "BATIMUR|DEPARTEMENT DES ARDENNES" }, "geometry": { "type": "MultiPolygon", "coordinates": [ [ [ [ 4.5320046, 49.843683 ], [ 4.5319583, 49.843552 ], [ 4.5314735, 49.8436232 ], [ 4.5314577, 49.8437438 ], [ 4.5314316, 49.8439077 ], [ 4.5314374, 49.843939 ], [ 4.5314484, 49.8439576 ], [ 4.5314671, 49.8439791 ], [ 4.5314994, 49.8440003 ], [ 4.5315355, 49.8440162 ], [ 4.5315696, 49.8440236 ], [ 4.5316106, 49.8440295 ], [ 4.5321033, 49.8439593 ], [ 4.532086, 49.8439062 ], [ 4.5321636, 49.8438953 ], [ 4.5321426, 49.8438343 ], [ 4.5321226, 49.8437761 ], [ 4.532119, 49.8437656 ], [ 4.5321123, 49.843746 ], [ 4.5321075, 49.8437319 ], [ 4.5320898, 49.8437344 ], [ 4.5320679, 49.8437378 ], [ 4.532018, 49.8437236 ], [ 4.5320046, 49.843683 ] ] ] ] } },
{ "type": "Feature", "properties": { "fid": 186, "FRICHE": "Salle Manureva", "COMMUNE": "Charleville-Mézières", "site_id": "08105_22", "proprio_type": "F2a", "unite_fonciere_surface": 704, "unite_fonciere_refcad": "08105000XA0009|08105000XA0010", "idprocpte": "08105+05393", "geompoint": "Point (4.718736 49.775617)", "proprio_personne": "personne morale", "surf_calc": 702, "proprio_nom": "ETABLISSEMENT PUBLIC FONCIER DE GRAND EST" }, "geometry": { "type": "MultiPolygon", "coordinates": [ [ [ [ 4.7187157, 49.7756991 ], [ 4.7187716, 49.7757848 ], [ 4.7187757, 49.7757909 ], [ 4.718801, 49.7757809 ], [ 4.718826, 49.7757711 ], [ 4.7189124, 49.7757296 ], [ 4.7189955, 49.7756898 ], [ 4.718916, 49.7755443 ], [ 4.7188798, 49.7754777 ], [ 4.7186002, 49.7755412 ], [ 4.7185995, 49.7755391 ], [ 4.7185956, 49.77554 ], [ 4.718571, 49.7755457 ], [ 4.7185717, 49.7755473 ], [ 4.7184855, 49.7755678 ], [ 4.7184872, 49.7755705 ], [ 4.7185678, 49.775702 ], [ 4.7185723, 49.7757008 ], [ 4.7186379, 49.7756818 ], [ 4.7186947, 49.7756666 ], [ 4.7187157, 49.7756991 ] ] ] ] } },
{ "type": "Feature", "properties": { "fid": 187, "FRICHE": "Quartier des Forges Saint-Charles : Gédimat, Sporting, Chausson matériaux et Perrin", "COMMUNE": "Charleville-Mézières", "site_id": "08105_23", "proprio_type": "F4a|F7b|P4a", "unite_fonciere_surface": 24917, "unite_fonciere_refcad": "08105000AP0123|08105000AP0124|08105000AP0125|08105000AP0141|08105000AP0159|08105000AP0190|08105000AP0193|08105000AP0196|08105000AP0206|08105000AP0207|08105000AP0208|08105000AP0209|08105000AP0210|08105000AP0231|08105000AP0274|08105000AP0278|08105000AP0279|08105000AP0303", "idprocpte": "08105+04199|08105+02695|08105+04790|08105+04169", "geompoint": "Point (4.7293 49.768451)", "proprio_personne": "personne morale", "surf_calc": 24946, "proprio_nom": "COMMUNAUTE AGGLO ARDENNE METROPOLE|SOC EQUIPEMENT AMENAGEMENT DES ARDENNES|SOCIETE FINANCIERE PERIN" }, "geometry": { "type": "MultiPolygon", "coordinates": [ [ [ [ 4.729713, 49.7686496 ], [ 4.7297917, 49.7686249 ], [ 4.7301701, 49.7685062 ], [ 4.7301597, 49.7684916 ], [ 4.73024, 49.7684657 ], [ 4.7302743, 49.7684546 ], [ 4.7303851, 49.768419 ], [ 4.7305027, 49.7683811 ], [ 4.7306342, 49.7683388 ], [ 4.7310231, 49.7682134 ], [ 4.7309765, 49.7681835 ], [ 4.7307236, 49.7680274 ], [ 4.7300034, 49.7676207 ], [ 4.7299514, 49.7676379 ], [ 4.7297923, 49.7676908 ], [ 4.729115, 49.767916 ], [ 4.7290087, 49.7679514 ], [ 4.7288089, 49.7678162 ], [ 4.7288017, 49.7678113 ], [ 4.7285187, 49.7679092 ], [ 4.7284503, 49.7679329 ], [ 4.7283744, 49.7679608 ], [ 4.7283767, 49.7679647 ], [ 4.7283966, 49.7681009 ], [ 4.7284024, 49.7681562 ], [ 4.7284072, 49.7682021 ], [ 4.7284064, 49.7682024 ], [ 4.7283966, 49.7682557 ], [ 4.7283841, 49.7683107 ], [ 4.7283824, 49.7683183 ], [ 4.7283603, 49.7683765 ], [ 4.7282566, 49.7683961 ], [ 4.7282792, 49.7685115 ], [ 4.7282804, 49.7685175 ], [ 4.7282841, 49.7686108 ], [ 4.7282494, 49.7686832 ], [ 4.7282434, 49.7687147 ], [ 4.7282296, 49.7687843 ], [ 4.7282256, 49.7688054 ], [ 4.7282101, 49.7688849 ], [ 4.7282058, 49.7689063 ], [ 4.7281614, 49.7691335 ], [ 4.7281513, 49.7691841 ], [ 4.7281412, 49.7692355 ], [ 4.7281388, 49.7692474 ], [ 4.7281368, 49.7692574 ], [ 4.7281347, 49.7692681 ], [ 4.7281771, 49.7692716 ], [ 4.7284902, 49.769175 ], [ 4.7287726, 49.7690856 ], [ 4.7288795, 49.7690518 ], [ 4.7289662, 49.7690245 ], [ 4.7293971, 49.7688881 ], [ 4.729603, 49.7688257 ], [ 4.7295139, 49.7687121 ], [ 4.7296423, 49.7686718 ], [ 4.729713, 49.7686496 ] ] ], [ [ [ 4.726038, 49.7670377 ], [ 4.7260684, 49.767094 ], [ 4.7260026, 49.7671012 ], [ 4.7260524, 49.7671922 ], [ 4.7260962, 49.7672726 ], [ 4.7261227, 49.7672845 ], [ 4.7262326, 49.7673258 ], [ 4.7263094, 49.7673287 ], [ 4.7263608, 49.7673306 ], [ 4.7263915, 49.7673279 ], [ 4.7264326, 49.7673239 ], [ 4.7266847, 49.767298 ], [ 4.7270227, 49.7672635 ], [ 4.7270721, 49.7672584 ], [ 4.7271867, 49.7672467 ], [ 4.7272871, 49.7672365 ], [ 4.7271522, 49.7666899 ], [ 4.7272013, 49.7666854 ], [ 4.7271967, 49.7666662 ], [ 4.7271733, 49.7665699 ], [ 4.7271478, 49.7664651 ], [ 4.7266649, 49.7665279 ], [ 4.7266262, 49.7665448 ], [ 4.7266257, 49.7665422 ], [ 4.7265907, 49.7665706 ], [ 4.726483, 49.7666584 ], [ 4.7263371, 49.7668542 ], [ 4.7262914, 49.7669155 ], [ 4.7262371, 49.7669883 ], [ 4.726211, 49.7669948 ], [ 4.726038, 49.7670377 ] ] ] ] } },
{ "type": "Feature", "properties": { "fid": 188, "FRICHE": "Cap Sambp menuiserie", "COMMUNE": "Charleville-Mézières", "site_id": "08105_24", "proprio_type": "F6c", "unite_fonciere_surface": 9295, "unite_fonciere_refcad": "08105000AP0139|08105000AP0197", "idprocpte": "08105+01862", "geompoint": "Point (4.727888 49.766973)", "proprio_personne": "personne morale", "surf_calc": 9291, "proprio_nom": "67 SAINT CHARLES" }, "geometry": { "type": "MultiPolygon", "coordinates": [ [ [ [ 4.7271522, 49.7666899 ], [ 4.7272871, 49.7672365 ], [ 4.7273338, 49.7672317 ], [ 4.7274532, 49.7672194 ], [ 4.7275418, 49.7672142 ], [ 4.7276042, 49.7672166 ], [ 4.7276242, 49.7672221 ], [ 4.7276294, 49.7672234 ], [ 4.7276626, 49.7672429 ], [ 4.7277166, 49.7672746 ], [ 4.7277432, 49.7672985 ], [ 4.7277521, 49.7673168 ], [ 4.7277999, 49.7673134 ], [ 4.7280531, 49.7672961 ], [ 4.7280897, 49.7672937 ], [ 4.7281162, 49.7672918 ], [ 4.7282617, 49.7672818 ], [ 4.72829, 49.7672799 ], [ 4.7287489, 49.7667251 ], [ 4.728483, 49.7663648 ], [ 4.728338, 49.7663757 ], [ 4.7282297, 49.7663838 ], [ 4.7271478, 49.7664651 ], [ 4.7271733, 49.7665699 ], [ 4.7271967, 49.7666662 ], [ 4.7272013, 49.7666854 ], [ 4.7271522, 49.7666899 ] ] ] ] } },
{ "type": "Feature", "properties": { "fid": 189, "FRICHE": "Altom", "COMMUNE": "Charleville-Mézières", "site_id": "08105_25", "proprio_type": "F4a", "unite_fonciere_surface": 2542, "unite_fonciere_refcad": "08105000CY0266", "idprocpte": "08105+04199", "geompoint": "Point (4.733053 49.735498)", "proprio_personne": "personne morale", "surf_calc": 2469, "proprio_nom": "SOC EQUIPEMENT AMENAGEMENT DES ARDENNES" }, "geometry": { "type": "MultiPolygon", "coordinates": [ [ [ [ 4.7329749, 49.7353087 ], [ 4.733291, 49.7352072 ], [ 4.7335508, 49.7355525 ], [ 4.7329511, 49.735744 ], [ 4.732932, 49.7357453 ], [ 4.7329225, 49.7357444 ], [ 4.7329144, 49.7357431 ], [ 4.7328784, 49.7357363 ], [ 4.7328594, 49.7357317 ], [ 4.7327982, 49.7357127 ], [ 4.7327241, 49.7356701 ], [ 4.7326763, 49.7356055 ], [ 4.7325562, 49.735443 ], [ 4.7329749, 49.7353087 ] ] ] ] } },
{ "type": "Feature", "properties": { "fid": 190, "FRICHE": "Ferme des Broises Basses", "COMMUNE": "Rumigny", "site_id": "08373_02", "proprio_type": "P4a", "unite_fonciere_surface": 7948, "unite_fonciere_refcad": "083730000B0015|083730000B0016|083730000B0139|083730000B0141|083730000B0142|083730000B0152", "idprocpte": "08373+00072", "geompoint": "Point (4.29121 49.819834)", "proprio_personne": "personne morale", "surf_calc": 7964, "proprio_nom": "CC ARDENNES THIERACHE" }, "geometry": { "type": "MultiPolygon", "coordinates": [ [ [ [ 4.2916215, 49.8197714 ], [ 4.2909654, 49.819458 ], [ 4.2906428, 49.8193689 ], [ 4.2906084, 49.8193513 ], [ 4.2903491, 49.8191685 ], [ 4.2904684, 49.8194748 ], [ 4.2905921, 49.8197163 ], [ 4.2907313, 49.8199279 ], [ 4.2905222, 49.8200585 ], [ 4.290607, 49.8201501 ], [ 4.2907399, 49.8204537 ], [ 4.2907496, 49.8205451 ], [ 4.2914325, 49.8203999 ], [ 4.2915167, 49.8202589 ], [ 4.2919325, 49.8199379 ], [ 4.291871, 49.8198856 ], [ 4.2916215, 49.8197714 ] ] ] ] } },
{ "type": "Feature", "properties": { "fid": 191, "FRICHE": "Ancien  Ehpad – Maison des Internes", "COMMUNE": "Charleville-Mézières", "site_id": "08105_26", "proprio_type": "S1a", "unite_fonciere_surface": 3736, "unite_fonciere_refcad": "08105000AO0564|08105000AO0565|08105000AO0566", "idprocpte": "08105+05290", "geompoint": "Point (4.725364 49.775053)", "proprio_personne": "personne morale", "surf_calc": 3749, "proprio_nom": "CENTRE HOSPITALIER INTERCOMMUNAL NORD ARDENNES" }, "geometry": { "type": "MultiPolygon", "coordinates": [ [ [ [ 4.7255341, 49.775038 ], [ 4.7255054, 49.7749811 ], [ 4.7253897, 49.7747607 ], [ 4.7253775, 49.7747375 ], [ 4.7252727, 49.7747593 ], [ 4.7251569, 49.7747834 ], [ 4.7250793, 49.7747995 ], [ 4.7250778, 49.7747964 ], [ 4.7249297, 49.7748262 ], [ 4.7249361, 49.7748385 ], [ 4.7249431, 49.7748526 ], [ 4.7249363, 49.7748539 ], [ 4.7249409, 49.7748621 ], [ 4.7249472, 49.7748607 ], [ 4.7249849, 49.7749334 ], [ 4.7249644, 49.7749378 ], [ 4.7249829, 49.7749793 ], [ 4.7249971, 49.7750119 ], [ 4.7248737, 49.7750382 ], [ 4.7249209, 49.77513 ], [ 4.7249797, 49.7752441 ], [ 4.7250467, 49.7753739 ], [ 4.7251794, 49.7753743 ], [ 4.7253936, 49.7753753 ], [ 4.7255861, 49.7753761 ], [ 4.725728, 49.7753765 ], [ 4.7258131, 49.7753769 ], [ 4.7259269, 49.7753772 ], [ 4.7259929, 49.7753775 ], [ 4.7260233, 49.7753776 ], [ 4.7258503, 49.7750584 ], [ 4.7258064, 49.7749773 ], [ 4.7255341, 49.775038 ] ] ] ] } },
{ "type": "Feature", "properties": { "fid": 192, "FRICHE": "Rotondes de Mohon", "COMMUNE": "Charleville-Mézières", "site_id": "08105_27", "proprio_type": "R2a", "unite_fonciere_surface": 93953, "unite_fonciere_refcad": "08105000CW0242", "idprocpte": "08105+04276", "geompoint": "Point (4.726263 49.755503)", "proprio_personne": "personne morale", "surf_calc": 17905, "proprio_nom": "SOCIETE NATIONALE SNCF" }, "geometry": { "type": "MultiPolygon", "coordinates": [ [ [ [ 4.7266205388, 49.7552615751 ], [ 4.7265653664, 49.7552051101 ], [ 4.7263843853, 49.7551159177 ], [ 4.7261577153, 49.7550785977 ], [ 4.7259265954, 49.7550984971 ], [ 4.7258106558, 49.7550844701 ], [ 4.7256856587, 49.7550962699 ], [ 4.7249938559, 49.7551800047 ], [ 4.7247715625, 49.7552125165 ], [ 4.724573043, 49.7552935574 ], [ 4.7244254579, 49.7554160017 ], [ 4.7243839714, 49.7555630215 ], [ 4.7244172991, 49.7557250301 ], [ 4.7245200486, 49.7558339022 ], [ 4.7247057484, 49.7559235468 ], [ 4.7249330849, 49.7559624536 ], [ 4.7251797859, 49.7559328843 ], [ 4.7253632248, 49.7558618253 ], [ 4.7255042527, 49.7557412012 ], [ 4.7255913565, 49.7557326884 ], [ 4.7256015415, 49.7557673236 ], [ 4.7258222555, 49.7558706031 ], [ 4.7260799214, 49.7559137755 ], [ 4.7263528891, 49.7558883402 ], [ 4.726594828, 49.7557984585 ], [ 4.7265265699, 49.7557529632 ], [ 4.7266604283, 49.7556378315 ], [ 4.7269228277, 49.7556609841 ], [ 4.7270525546, 49.7556412617 ], [ 4.7280094697, 49.7554950493 ], [ 4.7282540113, 49.7554577007 ], [ 4.7281796942, 49.7552452253 ], [ 4.728340072, 49.7552212923 ], [ 4.7282802294, 49.7550512995 ], [ 4.7269202055, 49.7552546327 ], [ 4.7269060973, 49.7552147509 ], [ 4.7267139723, 49.7552433558 ], [ 4.7266205388, 49.7552615751 ] ] ] ] } },
{ "type": "Feature", "properties": { "fid": 193, "FRICHE": "Établissements J. Tourolle", "COMMUNE": "Auvillers-les-Forges", "site_id": "08037_01", "proprio_type": "X1a", "unite_fonciere_surface": 1118, "unite_fonciere_refcad": "080370000D0405", "idprocpte": "08037P00080", "geompoint": "Point (4.357001 49.862062)", "proprio_personne": "personne physique", "surf_calc": 1121, "proprio_nom": "_X_" }, "geometry": { "type": "MultiPolygon", "coordinates": [ [ [ [ 4.3570662, 49.8622949 ], [ 4.3568481, 49.8621542 ], [ 4.3567367, 49.8620816 ], [ 4.3566455, 49.8620224 ], [ 4.3564099, 49.8619237 ], [ 4.3565311, 49.8618469 ], [ 4.3565515, 49.8618619 ], [ 4.3566694, 49.8619419 ], [ 4.3567487, 49.8619959 ], [ 4.356825, 49.862047 ], [ 4.3570356, 49.8619664 ], [ 4.3570549, 49.8619597 ], [ 4.357072, 49.8619539 ], [ 4.3571202, 49.8620361 ], [ 4.3571285, 49.8620329 ], [ 4.357263, 49.8619801 ], [ 4.3572831, 49.8620201 ], [ 4.3572892, 49.8620465 ], [ 4.3572912, 49.8620703 ], [ 4.3573001, 49.8621547 ], [ 4.3570662, 49.8622949 ] ] ] ] } },
{ "type": "Feature", "properties": { "fid": 194, "FRICHE": "Villa Gobron", "COMMUNE": "Buzancy", "site_id": "08089_02", "proprio_type": "F1a", "unite_fonciere_surface": 1605, "unite_fonciere_refcad": "08089000AI0153|08089000AI0154", "idprocpte": "08089+00038", "geompoint": "Point (4.956715 49.425222)", "proprio_personne": "personne morale", "surf_calc": 1608, "proprio_nom": "HABITAT 08 - OFFICE PUBLIC DE L'HABITAT DES ARDENNES" }, "geometry": { "type": "MultiPolygon", "coordinates": [ [ [ [ 4.9569412, 49.4251916 ], [ 4.9569067, 49.4251584 ], [ 4.9567893, 49.4250458 ], [ 4.9567185, 49.4249749 ], [ 4.9566893, 49.4249456 ], [ 4.9564432, 49.4251115 ], [ 4.956378, 49.4251582 ], [ 4.9563905, 49.4251685 ], [ 4.956564, 49.4253122 ], [ 4.956769, 49.4254777 ], [ 4.9568122, 49.4255181 ], [ 4.9569326, 49.4254588 ], [ 4.9569855, 49.4254328 ], [ 4.9571221, 49.4253636 ], [ 4.9570436, 49.4252898 ], [ 4.9569967, 49.4252448 ], [ 4.9569412, 49.4251916 ] ] ] ] } },
{ "type": "Feature", "properties": { "fid": 195, "FRICHE": "Bureaux de l’ancienne rotonde", "COMMUNE": "Nouvion-sur-Meuse", "site_id": "08327_02", "proprio_type": "X1a", "unite_fonciere_surface": 7858, "unite_fonciere_refcad": "08327000AH0282", "idprocpte": "08327D00126", "geompoint": "Point (4.777856 49.713824)", "proprio_personne": "personne physique", "surf_calc": 7834, "proprio_nom": "_X_" }, "geometry": { "type": "MultiPolygon", "coordinates": [ [ [ [ 4.7770389, 49.712802 ], [ 4.777371, 49.7127337 ], [ 4.7787125, 49.7146805 ], [ 4.7784301, 49.7148017 ], [ 4.7784089, 49.7147858 ], [ 4.7783078, 49.7147105 ], [ 4.7782153, 49.7146427 ], [ 4.7781329, 49.7145738 ], [ 4.7780776, 49.7145258 ], [ 4.7779544, 49.7144224 ], [ 4.77785, 49.7142767 ], [ 4.7777657, 49.7141518 ], [ 4.7776682, 49.7139676 ], [ 4.7775186, 49.7136874 ], [ 4.7774012, 49.7134678 ], [ 4.7771781, 49.7130502 ], [ 4.7771716, 49.7130469 ], [ 4.7771606, 49.7130334 ], [ 4.7770389, 49.712802 ] ] ] ] } },
{ "type": "Feature", "properties": { "fid": 196, "FRICHE": "Magasin Croc’Affaires", "COMMUNE": "Charleville-Mézières", "site_id": "08105_28", "proprio_type": "M1a|S2e", "unite_fonciere_surface": 16024, "unite_fonciere_refcad": "08105000DW0441|08105000DW0442|08105000DW0443|08105000DW0444|08105000DW0445|08105000DW0446|08105000DW0447|08105000DW0448|08105000DW0449|08105000DW0450|08105000DW0451", "idprocpte": "08105+05289|08105+04945|08105+05199", "geompoint": "Point (4.728039 49.747227)", "proprio_personne": "personne morale", "surf_calc": 16324, "proprio_nom": "_X_|ASS ARDENNAISE POUR PROMOTION HANDICAPES" }, "geometry": { "type": "MultiPolygon", "coordinates": [ [ [ [ 4.7272687, 49.7477359 ], [ 4.7273282, 49.7477434 ], [ 4.72741, 49.747754 ], [ 4.7273764, 49.7477999 ], [ 4.72731, 49.747891 ], [ 4.7281896, 49.7478949 ], [ 4.7287129, 49.7478974 ], [ 4.729426, 49.7479005 ], [ 4.7294219, 49.7478945 ], [ 4.7293982, 49.7478656 ], [ 4.7293131, 49.7477722 ], [ 4.7292619, 49.7477158 ], [ 4.7289848, 49.7474238 ], [ 4.7289625, 49.7474004 ], [ 4.7289546, 49.7473919 ], [ 4.7289053, 49.74734 ], [ 4.7287255, 49.7471506 ], [ 4.7284875, 49.7469047 ], [ 4.7281022, 49.7465069 ], [ 4.7274336, 49.7465136 ], [ 4.727321, 49.7465102 ], [ 4.72732, 49.7465381 ], [ 4.7273185, 49.7465696 ], [ 4.7273044, 49.7468984 ], [ 4.7273031, 49.7469329 ], [ 4.7272872, 49.7473053 ], [ 4.7272837, 49.7473861 ], [ 4.7272687, 49.7477359 ] ] ] ] } },
{ "type": "Feature", "properties": { "fid": 197, "FRICHE": "La Claire", "COMMUNE": "Vrigne aux Bois", "site_id": "08491_03", "proprio_type": "X1a", "unite_fonciere_surface": 21255, "unite_fonciere_refcad": "08491072AD0155|08491072AD0156|08491072AD0157|08491072AD0158|08491072AD0162", "idprocpte": "08491H00166", "geompoint": "Point (4.88805 49.753009)", "proprio_personne": "personne physique", "surf_calc": 9128, "proprio_nom": "_X_" }, "geometry": { "type": "MultiPolygon", "coordinates": [ [ [ [ 4.88862, 49.7528995 ], [ 4.8885234, 49.7529803 ], [ 4.8884057, 49.7530423 ], [ 4.8883819, 49.7530252 ], [ 4.8882812, 49.752962 ], [ 4.8882487, 49.7529427 ], [ 4.8884539, 49.752781 ], [ 4.8882607, 49.7526518 ], [ 4.8881963, 49.7526012 ], [ 4.8880936, 49.7525255 ], [ 4.8879708, 49.7524549 ], [ 4.8878211, 49.7523688 ], [ 4.8877167, 49.7524147 ], [ 4.8876343, 49.7524487 ], [ 4.8874299, 49.7524769 ], [ 4.8872825, 49.7525455 ], [ 4.8873051, 49.7525636 ], [ 4.88731, 49.7525611 ], [ 4.8873486, 49.7525903 ], [ 4.8873139, 49.7526074 ], [ 4.887304, 49.7526122 ], [ 4.8874953, 49.7527572 ], [ 4.8875564, 49.7528061 ], [ 4.8875811, 49.7528742 ], [ 4.8877239, 49.7529908 ], [ 4.8877265, 49.7529929 ], [ 4.8880404, 49.753256 ], [ 4.8880881, 49.753296 ], [ 4.8883168, 49.7534869 ], [ 4.8885481, 49.753371 ], [ 4.8887511, 49.753479 ], [ 4.8888076, 49.7534502 ], [ 4.8890356, 49.7536207 ], [ 4.8895651714, 49.7533236654 ], [ 4.88872, 49.7527905 ], [ 4.88862, 49.7528995 ] ] ] ] } },
{ "type": "Feature", "properties": { "fid": 198, "FRICHE": "ex-Pôle Emploi", "COMMUNE": "Sedan", "site_id": "08409_07", "proprio_type": "P4a", "unite_fonciere_surface": 216, "unite_fonciere_refcad": "08409000BI0105", "idprocpte": "08409+01916", "geompoint": "Point (4.940017 49.702633)", "proprio_personne": "personne morale", "surf_calc": 218, "proprio_nom": "COMMUNAUTE AGGLO ARDENNE METROPOLE" }, "geometry": { "type": "MultiPolygon", "coordinates": [ [ [ [ 4.9398894, 49.7027153 ], [ 4.9399181, 49.7026573 ], [ 4.9399407, 49.7026118 ], [ 4.9399673, 49.7025584 ], [ 4.9399745, 49.70256 ], [ 4.9401231, 49.702591 ], [ 4.9400483, 49.7027475 ], [ 4.9398894, 49.7027153 ] ] ] ] } },
{ "type": "Feature", "properties": { "fid": 199, "FRICHE": "Surface commerciale Lidl", "COMMUNE": "Revin", "site_id": "08363_07", "proprio_type": "P5a", "unite_fonciere_surface": 9833, "unite_fonciere_refcad": "08363000AN0091|08363000AN0092|08363000AN0096|08363000AN0261", "idprocpte": "08363+00505", "geompoint": "Point (4.641696 49.932591)", "proprio_personne": "personne morale", "surf_calc": 9845, "proprio_nom": "COMMUNE DE REVIN" }, "geometry": { "type": "MultiPolygon", "coordinates": [ [ [ [ 4.6421364, 49.9322051 ], [ 4.6420775, 49.9321481 ], [ 4.6420231, 49.9320403 ], [ 4.6418663, 49.932024 ], [ 4.6417971, 49.9320171 ], [ 4.6417586, 49.9320138 ], [ 4.6416507, 49.9320024 ], [ 4.6415377, 49.9319916 ], [ 4.64154, 49.9320184 ], [ 4.6415531, 49.9320199 ], [ 4.6415369, 49.932091 ], [ 4.6415192, 49.9321552 ], [ 4.6415192, 49.9322044 ], [ 4.6415193, 49.9322365 ], [ 4.6415187, 49.9322968 ], [ 4.6414968, 49.9323502 ], [ 4.641468, 49.932424 ], [ 4.6414161, 49.9325501 ], [ 4.6414126, 49.9325559 ], [ 4.6411644, 49.9325284 ], [ 4.6410662, 49.9325171 ], [ 4.6408878, 49.9324975 ], [ 4.6408326, 49.9327065 ], [ 4.6408042, 49.9328064 ], [ 4.6408456, 49.9328113 ], [ 4.6409683, 49.9328258 ], [ 4.6411932, 49.9328525 ], [ 4.6412212, 49.9328147 ], [ 4.6416153, 49.9329347 ], [ 4.6416115, 49.9329429 ], [ 4.6418485, 49.9330146 ], [ 4.6423077, 49.9331529 ], [ 4.6423147, 49.9331446 ], [ 4.6424134, 49.9331758 ], [ 4.6424368, 49.9331451 ], [ 4.642476, 49.9331565 ], [ 4.64249, 49.9331398 ], [ 4.6427726, 49.9332227 ], [ 4.6427634, 49.9330136 ], [ 4.64276, 49.932914 ], [ 4.6427546, 49.9327928 ], [ 4.6427479, 49.9327846 ], [ 4.642573, 49.9326184 ], [ 4.64237, 49.9324264 ], [ 4.6421364, 49.9322051 ] ] ] ] } },
{ "type": "Feature", "properties": { "fid": 200, "FRICHE": "Îlot dégradé de la place", "COMMUNE": "Marcq", "site_id": "08274_01", "proprio_type": "F2a|X1a", "unite_fonciere_surface": 2493, "unite_fonciere_refcad": "08274000AB0207|08274000AB0208|08274000AB0209|08274000AB0307|08274000AB0308|08274000AB0309|08274000AB0310", "idprocpte": "08274+00036|08274L00057|08274C00060", "geompoint": "Point (4.926324 49.320099)", "proprio_personne": "personne morale|personne physique", "surf_calc": 2481, "proprio_nom": "_X_|ETABLISSEMENT PUBLIC FONCIER DE GRAND EST" }, "geometry": { "type": "MultiPolygon", "coordinates": [ [ [ [ 4.9259573, 49.3203418 ], [ 4.9260618, 49.3203459 ], [ 4.9261067, 49.3202653 ], [ 4.9262299, 49.3202866 ], [ 4.926373, 49.3203129 ], [ 4.9265445, 49.3203445 ], [ 4.9265659, 49.3203485 ], [ 4.9265848, 49.3203059 ], [ 4.92666, 49.320137 ], [ 4.926668, 49.3201179 ], [ 4.9266888, 49.3200692 ], [ 4.9266916, 49.3200628 ], [ 4.9266953, 49.3200544 ], [ 4.9267457, 49.3199393 ], [ 4.926723, 49.3199352 ], [ 4.926421, 49.319881 ], [ 4.9263135, 49.3198618 ], [ 4.9262416, 49.3198488 ], [ 4.9261653, 49.3198353 ], [ 4.9261027, 49.3198241 ], [ 4.9260832, 49.3198208 ], [ 4.9260194, 49.3199747 ], [ 4.9260165, 49.3199819 ], [ 4.925881, 49.3203388 ], [ 4.9259573, 49.3203418 ] ] ] ] } },
{ "type": "Feature", "properties": { "fid": 201, "FRICHE": "SERT Sogimeca", "COMMUNE": "Givet", "site_id": "08190_06", "proprio_type": "G1a", "unite_fonciere_surface": 11329, "unite_fonciere_refcad": "08190000AY0019|08190000AY0047|08190000AY0082|08190000AY0086|08190000AY0089", "idprocpte": "08190+00738", "geompoint": "Point (4.815889 50.13918)", "proprio_personne": "personne morale", "surf_calc": 11219, "proprio_nom": "SCI" }, "geometry": { "type": "MultiPolygon", "coordinates": [ [ [ [ 4.8161916, 50.1385517 ], [ 4.8159946, 50.1386139 ], [ 4.8159429, 50.138632 ], [ 4.8158919, 50.1386498 ], [ 4.8153852, 50.1389101 ], [ 4.8152993, 50.1389616 ], [ 4.8152344, 50.1389956 ], [ 4.8151981, 50.1392777 ], [ 4.8151692, 50.1395054 ], [ 4.8151681, 50.1395143 ], [ 4.8151733, 50.1395261 ], [ 4.8152738, 50.1397527 ], [ 4.8152871, 50.1397845 ], [ 4.8154068, 50.1397632 ], [ 4.8159871, 50.1396605 ], [ 4.8160809, 50.1396448 ], [ 4.816338, 50.1396073 ], [ 4.81653, 50.139579 ], [ 4.8167689, 50.1395447 ], [ 4.816819, 50.1395374 ], [ 4.8168118, 50.1392066 ], [ 4.8165762, 50.1392159 ], [ 4.8165638, 50.13913 ], [ 4.8165563, 50.1390764 ], [ 4.8165353, 50.1387321 ], [ 4.8165207, 50.1384961 ], [ 4.8164318, 50.138511 ], [ 4.8161916, 50.1385517 ] ] ] ] } },
{ "type": "Feature", "properties": { "fid": 202, "FRICHE": "Collège du Chesne", "COMMUNE": "Bairon-et-ses-environs", "site_id": "08116_01", "proprio_type": "P4b", "unite_fonciere_surface": 12568, "unite_fonciere_refcad": "08116000AD0103", "idprocpte": "08116+00159", "geompoint": "Point (4.77716 49.516035)", "proprio_personne": "personne morale", "surf_calc": 12372, "proprio_nom": "SIVOM DE LA REGION DU CHESNE" }, "geometry": { "type": "MultiPolygon", "coordinates": [ [ [ [ 4.7784434, 49.5160535 ], [ 4.7784059, 49.5161037 ], [ 4.7762434, 49.5165649 ], [ 4.7761497, 49.5165411 ], [ 4.7758765, 49.5160168 ], [ 4.7759146, 49.5159691 ], [ 4.7780956, 49.5154952 ], [ 4.778185, 49.5155277 ], [ 4.7784434, 49.5160535 ] ] ] ] } },
{ "type": "Feature", "properties": { "fid": 203, "FRICHE": "Collège Charlemagne d’Attigny", "COMMUNE": "Attigny", "site_id": "08025_02", "proprio_type": "P3a P5a", "unite_fonciere_surface": 12625, "unite_fonciere_refcad": "08025000AC0838", "idprocpte": "08025+00141", "geompoint": "Point (4.57898 49.474145)", "proprio_personne": "personne morale", "surf_calc": 5452, "proprio_nom": "COMMUNE D'ATTIGNY|DEPARTEMENT DES ARDENNES" }, "geometry": { "type": "MultiPolygon", "coordinates": [ [ [ [ 4.5781795097, 49.4737654839 ], [ 4.5793889, 49.4737306 ], [ 4.5795796, 49.4742173 ], [ 4.5789983, 49.4742326 ], [ 4.5790094, 49.4743566 ], [ 4.5788842, 49.4743724 ], [ 4.5785594, 49.4744111 ], [ 4.5785443, 49.4743642 ], [ 4.5784048, 49.4743876 ], [ 4.5784138882, 49.4740726821 ], [ 4.5782238195, 49.4740718291 ], [ 4.5781795097, 49.4737654839 ] ] ] ] } },
{ "type": "Feature", "properties": { "fid": 204, "FRICHE": "Collège Jean de la Fontaine", "COMMUNE": "Charleville-Mézières", "site_id": "08105_29", "proprio_type": "P5a|P3a", "unite_fonciere_surface": 51315, "unite_fonciere_refcad": "08105000EE0221|08105000EE0222|08105000EE0223|08105000EE0224|08105000EE0225|08105000EE0226|08105000EE0227|08105000EE0228|08105000EE0229|08105000EE0409", "idprocpte": "08105+03773|08105+04357", "geompoint": "Point (4.701323 49.779938)", "proprio_personne": "personne morale", "surf_calc": 13474, "proprio_nom": "COMMUNE DE CHARLEVILLE-MEZIERES|CONSEIL GENERAL DES ARDENNES" }, "geometry": { "type": "MultiPolygon", "coordinates": [ [ [ [ 4.7017822, 49.7789758 ], [ 4.7014293602, 49.7790009097 ], [ 4.7014223895, 49.7790104458 ], [ 4.7012613646, 49.7790445488 ], [ 4.7012532951, 49.7790210644 ], [ 4.7011229553, 49.7790464801 ], [ 4.700842988, 49.7791199973 ], [ 4.7005831705, 49.7791967724 ], [ 4.7005507815, 49.7792090227 ], [ 4.7005408744, 49.779239837 ], [ 4.700639539, 49.7794680808 ], [ 4.7007923869, 49.7798367357 ], [ 4.7008810123, 49.7800519865 ], [ 4.7009701097, 49.7802647142 ], [ 4.7010197872, 49.7803896537 ], [ 4.7010704448, 49.7805148491 ], [ 4.7011513993, 49.7807226517 ], [ 4.7020302, 49.7805297 ], [ 4.7016298787, 49.7794417357 ], [ 4.7021033641, 49.7793467474 ], [ 4.7020258, 49.7792622 ], [ 4.7019961, 49.77923 ], [ 4.7017822, 49.7789758 ] ] ] ] } },
{ "type": "Feature", "properties": { "fid": 205, "FRICHE": "École publique Abel Dodeman", "COMMUNE": "Vouziers", "site_id": "08490_07", "proprio_type": "P5a", "unite_fonciere_surface": 2995, "unite_fonciere_refcad": "08490000AB0382", "idprocpte": "08490+00013", "geompoint": "Point (4.697976 49.398048)", "proprio_personne": "personne morale", "surf_calc": 3035, "proprio_nom": "COMMUNE DE VOUZIERS" }, "geometry": { "type": "MultiPolygon", "coordinates": [ [ [ [ 4.6979783, 49.3975603 ], [ 4.6982748, 49.397596 ], [ 4.6982444, 49.3977079 ], [ 4.698248, 49.3977085 ], [ 4.6982362, 49.397737 ], [ 4.6982235, 49.3977683 ], [ 4.6982487, 49.3977727 ], [ 4.6982181, 49.3978503 ], [ 4.6981906, 49.3979197 ], [ 4.69816, 49.3979974 ], [ 4.6981171, 49.3981058 ], [ 4.6981342, 49.3981236 ], [ 4.6985383, 49.3981917 ], [ 4.6986009, 49.3982022 ], [ 4.6987534, 49.398228 ], [ 4.69884, 49.3982426 ], [ 4.6987718, 49.3983233 ], [ 4.6986743, 49.3984389 ], [ 4.6986086, 49.3984537 ], [ 4.6980478, 49.3983094 ], [ 4.6977334, 49.3982284 ], [ 4.6977754, 49.3981331 ], [ 4.6977903, 49.3980992 ], [ 4.6979093, 49.3978305 ], [ 4.6979662, 49.3976072 ], [ 4.6979739, 49.3975777 ], [ 4.6979783, 49.3975603 ] ] ] ] } },
{ "type": "Feature", "properties": { "fid": 206, "FRICHE": "École primaire publique Hippolyte Taine", "COMMUNE": "Vouziers", "site_id": "08490_08", "proprio_type": "P5a", "unite_fonciere_surface": 2319, "unite_fonciere_refcad": "08490000AH0128|08490000AH0133|08490000AH0594", "idprocpte": "08490+00013", "geompoint": "Point (4.70327 49.396985)", "proprio_personne": "personne morale", "surf_calc": 2284, "proprio_nom": "COMMUNE DE VOUZIERS" }, "geometry": { "type": "MultiPolygon", "coordinates": [ [ [ [ 4.703452, 49.396936 ], [ 4.7035186, 49.3969382 ], [ 4.7036707, 49.3969311 ], [ 4.7038497, 49.3969229 ], [ 4.7038552, 49.3967277 ], [ 4.7038563, 49.3966892 ], [ 4.703857, 49.3966618 ], [ 4.7037018, 49.3966581 ], [ 4.7036778, 49.3966575 ], [ 4.703617, 49.3966561 ], [ 4.7035675, 49.396655 ], [ 4.7035515, 49.3966545 ], [ 4.7035296, 49.3966541 ], [ 4.7035122, 49.3966538 ], [ 4.703373, 49.3966506 ], [ 4.7032407, 49.3966475 ], [ 4.7031502, 49.3966454 ], [ 4.7031536, 49.3967548 ], [ 4.7031536, 49.3967609 ], [ 4.7031563, 49.3968535 ], [ 4.7031575, 49.3968932 ], [ 4.7031592, 49.3969547 ], [ 4.7031596, 49.3969673 ], [ 4.7031616, 49.397034 ], [ 4.7031628, 49.3970805 ], [ 4.7031995, 49.3971018 ], [ 4.7031878, 49.3971786 ], [ 4.7031671, 49.3973126 ], [ 4.7033605, 49.3973194 ], [ 4.7033656, 49.3972009 ], [ 4.7034434, 49.3972056 ], [ 4.7034453, 49.3971417 ], [ 4.7034348, 49.3971419 ], [ 4.7034349, 49.397093 ], [ 4.7034331, 49.397055 ], [ 4.7034314, 49.3970177 ], [ 4.7034423, 49.3970174 ], [ 4.7034404, 49.3970027 ], [ 4.7034059, 49.3970044 ], [ 4.7034062, 49.3970177 ], [ 4.7033803, 49.3970175 ], [ 4.7033811, 49.3969337 ], [ 4.703452, 49.396936 ] ] ] ] } },
{ "type": "Feature", "properties": { "fid": 207, "FRICHE": "Bâtiment incendié de Bell’Occas", "COMMUNE": "Auvillers-les-Forges", "site_id": "08037_02", "proprio_type": "S2e", "unite_fonciere_surface": 2934, "unite_fonciere_refcad": "080370000A0541|080370000A0565|080370000A0609|080370000A0721", "idprocpte": "08037+00098", "geompoint": "Point (4.376428 49.875004)", "proprio_personne": "personne morale", "surf_calc": 487, "proprio_nom": "BELL'OCCAS" }, "geometry": { "type": "MultiPolygon", "coordinates": [ [ [ [ 4.3762472579, 49.8751354932 ], [ 4.37623255, 49.8751623438 ], [ 4.3763816388, 49.8752002874 ], [ 4.3766136293, 49.8748729321 ], [ 4.3765868627, 49.8748659854 ], [ 4.3764526801, 49.8748291319 ], [ 4.3762472579, 49.8751354932 ] ] ] ] } },
{ "type": "Feature", "properties": { "fid": 208, "FRICHE": "Ancienne Maison de région Champagne-Ardenne", "COMMUNE": "Charleville-Mézières", "site_id": "08105_30", "proprio_type": "G1a", "unite_fonciere_surface": 2500, "unite_fonciere_refcad": "08105000CY0306", "idprocpte": "08105+03631", "geompoint": "Point (4.724622 49.737573)", "proprio_personne": "personne morale", "surf_calc": 2462, "proprio_nom": "SCI" }, "geometry": { "type": "MultiPolygon", "coordinates": [ [ [ [ 4.7250693, 49.7375261 ], [ 4.724732, 49.7377057 ], [ 4.7245338, 49.737837 ], [ 4.7244607, 49.7379015 ], [ 4.7243638, 49.7379295 ], [ 4.7242798, 49.7378012 ], [ 4.72426, 49.7377601 ], [ 4.7242462, 49.7377179 ], [ 4.7242418, 49.7376837 ], [ 4.7242433, 49.7376349 ], [ 4.724249, 49.7375967 ], [ 4.7242601, 49.7375605 ], [ 4.7242777, 49.7375242 ], [ 4.7243025, 49.7374873 ], [ 4.7243331, 49.7374514 ], [ 4.7243612, 49.7374243 ], [ 4.7244291, 49.7373741 ], [ 4.7247061, 49.7372283 ], [ 4.7250693, 49.7375261 ] ] ] ] } },
{ "type": "Feature", "properties": { "fid": 209, "FRICHE": "Chauss Expo", "COMMUNE": "Charleville-Mézières", "site_id": "08105_31", "proprio_type": "F7b", "unite_fonciere_surface": 5938, "unite_fonciere_refcad": "08105000DW0329", "idprocpte": "08105+04044", "geompoint": "Point (4.727916 49.745438)", "proprio_personne": "personne morale", "surf_calc": 5957, "proprio_nom": "L'IMMOBILIERE EUROPEENNE DES MOUSQUETAIRES" }, "geometry": { "type": "MultiPolygon", "coordinates": [ [ [ [ 4.7282612, 49.7449679 ], [ 4.7284142, 49.7452063 ], [ 4.7285348, 49.7453946 ], [ 4.7285907, 49.7454815 ], [ 4.7278623, 49.7456807 ], [ 4.7275636, 49.7459735 ], [ 4.727536, 49.7459617 ], [ 4.7275121, 49.7459519 ], [ 4.727493, 49.7459441 ], [ 4.727468, 49.7459341 ], [ 4.727455, 49.7459292 ], [ 4.7274429, 49.7459247 ], [ 4.7274788, 49.7458847 ], [ 4.7273282, 49.7455611 ], [ 4.7273125, 49.745528 ], [ 4.7272906, 49.7454823 ], [ 4.727254, 49.7454056 ], [ 4.7272334, 49.7453625 ], [ 4.7272146, 49.745323 ], [ 4.727184, 49.7452589 ], [ 4.7271301, 49.745146 ], [ 4.7272963, 49.7451622 ], [ 4.7273265, 49.7451415 ], [ 4.7273651, 49.745115 ], [ 4.7278966, 49.745172 ], [ 4.727932, 49.7450272 ], [ 4.7282612, 49.7449679 ] ] ] ] } },
{ "type": "Feature", "properties": { "fid": 210, "FRICHE": "Collège Frénois", "COMMUNE": "Sedan", "site_id": "08409_08", "proprio_type": "P5a", "unite_fonciere_surface": 14118, "unite_fonciere_refcad": "08409000ZB0183", "idprocpte": "08409+01292", "geompoint": "Point (4.910286 49.694184)", "proprio_personne": "personne morale", "surf_calc": 13705, "proprio_nom": "COMMUNE DE SEDAN" }, "geometry": { "type": "MultiPolygon", "coordinates": [ [ [ [ 4.909541, 49.6936204 ], [ 4.9100938, 49.6935146 ], [ 4.9106835, 49.6934063 ], [ 4.9112304, 49.6945066 ], [ 4.9106512, 49.6946249 ], [ 4.9097356, 49.694814 ], [ 4.9095906, 49.6943431 ], [ 4.9094243, 49.6940498 ], [ 4.9095063, 49.693669 ], [ 4.909541, 49.6936204 ] ] ] ] } },
{ "type": "Feature", "properties": { "fid": 211, "FRICHE": "Bâtiment Thyssen aciers spéciaux", "COMMUNE": "Nouzonville", "site_id": "08328_07", "proprio_type": "Z1a", "unite_fonciere_surface": 10503, "unite_fonciere_refcad": "08328000AC0533|08328000AC0550|08328000AC0551|08328000AC0553", "idprocpte": "08328+00439", "geompoint": "Point (4.745829 49.82361)", "proprio_personne": "personne morale", "surf_calc": 5617, "proprio_nom": "_X_" }, "geometry": { "type": "MultiPolygon", "coordinates": [ [ [ [ 4.7454274, 49.8235747 ], [ 4.7455034, 49.8237177 ], [ 4.7455936, 49.823879 ], [ 4.7456334, 49.8239634 ], [ 4.7457292, 49.8241523 ], [ 4.7460273, 49.8240789 ], [ 4.7462703, 49.824019 ], [ 4.7464248, 49.823981 ], [ 4.7464798, 49.8239674 ], [ 4.7464551, 49.82395 ], [ 4.7464472, 49.8239259 ], [ 4.746437, 49.8238896 ], [ 4.7464346, 49.8238854 ], [ 4.7464136, 49.8238592 ], [ 4.7463958, 49.8238388 ], [ 4.7462976, 49.8238368 ], [ 4.746291, 49.8238366 ], [ 4.7462683, 49.8237999 ], [ 4.7462373, 49.8237493 ], [ 4.746158, 49.8236202 ], [ 4.7462597, 49.8235893 ], [ 4.7458469, 49.8230577 ], [ 4.7458404, 49.8230598 ], [ 4.7457912, 49.8230757 ], [ 4.745709, 49.8231023 ], [ 4.7456269, 49.8231289 ], [ 4.7456146, 49.8231327 ], [ 4.7452619803, 49.823238036 ], [ 4.7453987, 49.8235166 ], [ 4.7454274, 49.8235747 ] ] ] ] } },
{ "type": "Feature", "properties": { "fid": 212, "FRICHE": "EGCI (Entreprise Générale de Constructions Industrialisées)", "COMMUNE": "Lumes", "site_id": "08263_01", "proprio_type": "G1a", "unite_fonciere_surface": 40440, "unite_fonciere_refcad": "08263000ZE0137|08263000ZE0140", "idprocpte": "08263+00157", "geompoint": "Point (4.772185 49.737235)", "proprio_personne": "personne morale", "surf_calc": 40494, "proprio_nom": "SCI" }, "geometry": { "type": "MultiPolygon", "coordinates": [ [ [ [ 4.773683, 49.7375416 ], [ 4.7738559, 49.7375163 ], [ 4.7741553, 49.7374724 ], [ 4.7742385, 49.7374602 ], [ 4.7742963, 49.7374146 ], [ 4.774327, 49.7369604 ], [ 4.7744361, 49.7366536 ], [ 4.7740364, 49.7364511 ], [ 4.7737702, 49.7363202 ], [ 4.7736178, 49.736248 ], [ 4.7725762, 49.7364297 ], [ 4.7722098, 49.7364923 ], [ 4.7715622, 49.7366314 ], [ 4.7709124, 49.7367644 ], [ 4.7700327, 49.7370212 ], [ 4.7699264, 49.7370575 ], [ 4.7703123, 49.7376638 ], [ 4.7704486, 49.7378059 ], [ 4.7705627, 49.737865 ], [ 4.7718868, 49.7379522 ], [ 4.7727032, 49.7377379 ], [ 4.7733781, 49.7376026 ], [ 4.773683, 49.7375416 ] ] ] ] } },
{ "type": "Feature", "properties": { "fid": 213, "FRICHE": "Établissement Brink’s", "COMMUNE": "Charleville-Mézières", "site_id": "08105_32", "proprio_type": "M1a", "unite_fonciere_surface": 2240, "unite_fonciere_refcad": "08105000CY0439|08105000CY0442|08105000CY0444|08105000CY0446", "idprocpte": "08105+03813", "geompoint": "Point (4.723545 49.73609)", "proprio_personne": "personne morale", "surf_calc": 2261, "proprio_nom": "_X_" }, "geometry": { "type": "MultiPolygon", "coordinates": [ [ [ [ 4.7231813, 49.7362733 ], [ 4.723199, 49.7362875 ], [ 4.7232165, 49.7362966 ], [ 4.723237, 49.7363042 ], [ 4.723285, 49.7363141 ], [ 4.723448, 49.7363149 ], [ 4.7237897, 49.7362131 ], [ 4.724029, 49.736142 ], [ 4.723993, 49.7361483 ], [ 4.723895, 49.7360096 ], [ 4.723756, 49.7358131 ], [ 4.7237172, 49.7358245 ], [ 4.7231517, 49.7359907 ], [ 4.7231344, 49.7360552 ], [ 4.7231483, 49.7361367 ], [ 4.7231687, 49.7362572 ], [ 4.7231813, 49.7362733 ] ] ] ] } }
]
}
